Trial ID,Milestone,Release Tag,Paradigm,Instance Family,Machine Type,vCPU Count,Silicon Architecture,Concurrency Parameter,Concurrency Value,Benchmark Command,Min Time (s),Max Time (s),Avg Time (s),Concurrent Blocks in Flight (L),Required Bare-Metal VM/Cluster Units
1,Monolithic v0.0.1,v0.0.1-single-vm-proof-gen,Monolith,c4a-highcpu,c4a-highcpu-16,16,ARM64 Neoverse V2,JOBS=1,1,cloud-bench-run TARGET=prover-c4a-highcpu-16 SHAPE=c4a-highcpu-16 JOBS=1,650.309,650.309,650.309,6504,6504
2,Monolithic v0.0.1,v0.0.1-single-vm-proof-gen,Monolith,c4a-highcpu,c4a-highcpu-16,16,ARM64 Neoverse V2,JOBS=2,2,cloud-bench-run TARGET=prover-c4a-highcpu-16 SHAPE=c4a-highcpu-16 JOBS=2,650.309,650.309,650.309,6504,3252
3,Monolithic v0.0.1,v0.0.1-single-vm-proof-gen,Monolith,c4a-highcpu,c4a-highcpu-16,16,ARM64 Neoverse V2,JOBS=3,3,cloud-bench-run TARGET=prover-c4a-highcpu-16 SHAPE=c4a-highcpu-16 JOBS=3,650.309,650.309,650.309,6504,2168
4,Monolithic v0.0.1,v0.0.1-single-vm-proof-gen,Monolith,c4a-highcpu,c4a-highcpu-16,16,ARM64 Neoverse V2,JOBS=4,4,cloud-bench-run TARGET=prover-c4a-highcpu-16 SHAPE=c4a-highcpu-16 JOBS=4,650.309,650.309,650.309,6504,1626
5,Monolithic v0.0.1,v0.0.1-single-vm-proof-gen,Monolith,c4a-highcpu,c4a-highcpu-16,16,ARM64 Neoverse V2,JOBS=5,5,cloud-bench-run TARGET=prover-c4a-highcpu-16 SHAPE=c4a-highcpu-16 JOBS=5,650.309,650.309,650.309,6504,1301
6,Monolithic v0.0.1,v0.0.1-single-vm-proof-gen,Monolith,c4a-highcpu,c4a-highcpu-16,16,ARM64 Neoverse V2,JOBS=6,6,cloud-bench-run TARGET=prover-c4a-highcpu-16 SHAPE=c4a-highcpu-16 JOBS=6,650.309,650.309,650.309,6504,1084
7,Monolithic v0.0.1,v0.0.1-single-vm-proof-gen,Monolith,c4a-highcpu,c4a-highcpu-16,16,ARM64 Neoverse V2,JOBS=7,7,cloud-bench-run TARGET=prover-c4a-highcpu-16 SHAPE=c4a-highcpu-16 JOBS=7,650.309,650.309,650.309,6504,930
8,Monolithic v0.0.1,v0.0.1-single-vm-proof-gen,Monolith,c4a-highcpu,c4a-highcpu-16,16,ARM64 Neoverse V2,JOBS=8,8,cloud-bench-run TARGET=prover-c4a-highcpu-16 SHAPE=c4a-highcpu-16 JOBS=8,650.309,650.309,650.309,6504,813
9,Monolithic v0.0.1,v0.0.1-single-vm-proof-gen,Monolith,c4a-highcpu,c4a-highcpu-16,16,ARM64 Neoverse V2,JOBS=9,9,cloud-bench-run TARGET=prover-c4a-highcpu-16 SHAPE=c4a-highcpu-16 JOBS=9,650.309,650.309,650.309,6504,723
10,Monolithic v0.0.1,v0.0.1-single-vm-proof-gen,Monolith,c4a-highcpu,c4a-highcpu-16,16,ARM64 Neoverse V2,JOBS=10,10,cloud-bench-run TARGET=prover-c4a-highcpu-16 SHAPE=c4a-highcpu-16 JOBS=10,650.309,650.309,650.309,6504,651
11,Monolithic v0.0.1,v0.0.1-single-vm-proof-gen,Monolith,c4a-highcpu,c4a-highcpu-32,32,ARM64 Neoverse V2,JOBS=1,1,cloud-bench-run TARGET=prover-c4a-highcpu-32 SHAPE=c4a-highcpu-32 JOBS=1,350.21,350.21,350.21,3503,3503
12,Monolithic v0.0.1,v0.0.1-single-vm-proof-gen,Monolith,c4a-highcpu,c4a-highcpu-32,32,ARM64 Neoverse V2,JOBS=2,2,cloud-bench-run TARGET=prover-c4a-highcpu-32 SHAPE=c4a-highcpu-32 JOBS=2,350.21,350.21,350.21,3503,1752
13,Monolithic v0.0.1,v0.0.1-single-vm-proof-gen,Monolith,c4a-highcpu,c4a-highcpu-32,32,ARM64 Neoverse V2,JOBS=3,3,cloud-bench-run TARGET=prover-c4a-highcpu-32 SHAPE=c4a-highcpu-32 JOBS=3,350.21,350.21,350.21,3503,1168
14,Monolithic v0.0.1,v0.0.1-single-vm-proof-gen,Monolith,c4a-highcpu,c4a-highcpu-32,32,ARM64 Neoverse V2,JOBS=4,4,cloud-bench-run TARGET=prover-c4a-highcpu-32 SHAPE=c4a-highcpu-32 JOBS=4,350.21,350.21,350.21,3503,876
15,Monolithic v0.0.1,v0.0.1-single-vm-proof-gen,Monolith,c4a-highcpu,c4a-highcpu-32,32,ARM64 Neoverse V2,JOBS=5,5,cloud-bench-run TARGET=prover-c4a-highcpu-32 SHAPE=c4a-highcpu-32 JOBS=5,350.21,350.21,350.21,3503,701
16,Monolithic v0.0.1,v0.0.1-single-vm-proof-gen,Monolith,c4a-highcpu,c4a-highcpu-32,32,ARM64 Neoverse V2,JOBS=6,6,cloud-bench-run TARGET=prover-c4a-highcpu-32 SHAPE=c4a-highcpu-32 JOBS=6,350.21,350.21,350.21,3503,584
17,Monolithic v0.0.1,v0.0.1-single-vm-proof-gen,Monolith,c4a-highcpu,c4a-highcpu-32,32,ARM64 Neoverse V2,JOBS=7,7,cloud-bench-run TARGET=prover-c4a-highcpu-32 SHAPE=c4a-highcpu-32 JOBS=7,350.21,350.21,350.21,3503,501
18,Monolithic v0.0.1,v0.0.1-single-vm-proof-gen,Monolith,c4a-highcpu,c4a-highcpu-32,32,ARM64 Neoverse V2,JOBS=8,8,cloud-bench-run TARGET=prover-c4a-highcpu-32 SHAPE=c4a-highcpu-32 JOBS=8,350.21,350.21,350.21,3503,438
19,Monolithic v0.0.1,v0.0.1-single-vm-proof-gen,Monolith,c4a-highcpu,c4a-highcpu-32,32,ARM64 Neoverse V2,JOBS=9,9,cloud-bench-run TARGET=prover-c4a-highcpu-32 SHAPE=c4a-highcpu-32 JOBS=9,350.21,350.21,350.21,3503,390
20,Monolithic v0.0.1,v0.0.1-single-vm-proof-gen,Monolith,c4a-highcpu,c4a-highcpu-32,32,ARM64 Neoverse V2,JOBS=10,10,cloud-bench-run TARGET=prover-c4a-highcpu-32 SHAPE=c4a-highcpu-32 JOBS=10,350.21,350.21,350.21,3503,351
21,Monolithic v0.0.1,v0.0.1-single-vm-proof-gen,Monolith,c4a-highcpu,c4a-highcpu-48,48,ARM64 Neoverse V2,JOBS=1,1,cloud-bench-run TARGET=prover-c4a-highcpu-48 SHAPE=c4a-highcpu-48 JOBS=1,260.102,260.102,260.102,2602,2602
22,Monolithic v0.0.1,v0.0.1-single-vm-proof-gen,Monolith,c4a-highcpu,c4a-highcpu-48,48,ARM64 Neoverse V2,JOBS=2,2,cloud-bench-run TARGET=prover-c4a-highcpu-48 SHAPE=c4a-highcpu-48 JOBS=2,260.102,260.102,260.102,2602,1301
23,Monolithic v0.0.1,v0.0.1-single-vm-proof-gen,Monolith,c4a-highcpu,c4a-highcpu-48,48,ARM64 Neoverse V2,JOBS=3,3,cloud-bench-run TARGET=prover-c4a-highcpu-48 SHAPE=c4a-highcpu-48 JOBS=3,260.102,260.102,260.102,2602,868
24,Monolithic v0.0.1,v0.0.1-single-vm-proof-gen,Monolith,c4a-highcpu,c4a-highcpu-48,48,ARM64 Neoverse V2,JOBS=4,4,cloud-bench-run TARGET=prover-c4a-highcpu-48 SHAPE=c4a-highcpu-48 JOBS=4,260.102,260.102,260.102,2602,651
25,Monolithic v0.0.1,v0.0.1-single-vm-proof-gen,Monolith,c4a-highcpu,c4a-highcpu-48,48,ARM64 Neoverse V2,JOBS=5,5,cloud-bench-run TARGET=prover-c4a-highcpu-48 SHAPE=c4a-highcpu-48 JOBS=5,260.102,260.102,260.102,2602,521
26,Monolithic v0.0.1,v0.0.1-single-vm-proof-gen,Monolith,c4a-highcpu,c4a-highcpu-48,48,ARM64 Neoverse V2,JOBS=6,6,cloud-bench-run TARGET=prover-c4a-highcpu-48 SHAPE=c4a-highcpu-48 JOBS=6,260.102,260.102,260.102,2602,434
27,Monolithic v0.0.1,v0.0.1-single-vm-proof-gen,Monolith,c4a-highcpu,c4a-highcpu-48,48,ARM64 Neoverse V2,JOBS=7,7,cloud-bench-run TARGET=prover-c4a-highcpu-48 SHAPE=c4a-highcpu-48 JOBS=7,260.102,260.102,260.102,2602,372
28,Monolithic v0.0.1,v0.0.1-single-vm-proof-gen,Monolith,c4a-highcpu,c4a-highcpu-48,48,ARM64 Neoverse V2,JOBS=8,8,cloud-bench-run TARGET=prover-c4a-highcpu-48 SHAPE=c4a-highcpu-48 JOBS=8,260.102,260.102,260.102,2602,326
29,Monolithic v0.0.1,v0.0.1-single-vm-proof-gen,Monolith,c4a-highcpu,c4a-highcpu-48,48,ARM64 Neoverse V2,JOBS=9,9,cloud-bench-run TARGET=prover-c4a-highcpu-48 SHAPE=c4a-highcpu-48 JOBS=9,260.102,260.102,260.102,2602,290
30,Monolithic v0.0.1,v0.0.1-single-vm-proof-gen,Monolith,c4a-highcpu,c4a-highcpu-48,48,ARM64 Neoverse V2,JOBS=10,10,cloud-bench-run TARGET=prover-c4a-highcpu-48 SHAPE=c4a-highcpu-48 JOBS=10,260.102,260.102,260.102,2602,261
31,Monolithic v0.0.1,v0.0.1-single-vm-proof-gen,Monolith,c4a-highcpu,c4a-highcpu-64,64,ARM64 Neoverse V2,JOBS=1,1,cloud-bench-run TARGET=prover-c4a-highcpu-64 SHAPE=c4a-highcpu-64 JOBS=1,209.373,209.373,209.373,2094,2094
32,Monolithic v0.0.1,v0.0.1-single-vm-proof-gen,Monolith,c4a-highcpu,c4a-highcpu-64,64,ARM64 Neoverse V2,JOBS=2,2,cloud-bench-run TARGET=prover-c4a-highcpu-64 SHAPE=c4a-highcpu-64 JOBS=2,209.373,209.373,209.373,2094,1047
33,Monolithic v0.0.1,v0.0.1-single-vm-proof-gen,Monolith,c4a-highcpu,c4a-highcpu-64,64,ARM64 Neoverse V2,JOBS=3,3,cloud-bench-run TARGET=prover-c4a-highcpu-64 SHAPE=c4a-highcpu-64 JOBS=3,209.373,209.373,209.373,2094,698
34,Monolithic v0.0.1,v0.0.1-single-vm-proof-gen,Monolith,c4a-highcpu,c4a-highcpu-64,64,ARM64 Neoverse V2,JOBS=4,4,cloud-bench-run TARGET=prover-c4a-highcpu-64 SHAPE=c4a-highcpu-64 JOBS=4,209.373,209.373,209.373,2094,524
35,Monolithic v0.0.1,v0.0.1-single-vm-proof-gen,Monolith,c4a-highcpu,c4a-highcpu-64,64,ARM64 Neoverse V2,JOBS=5,5,cloud-bench-run TARGET=prover-c4a-highcpu-64 SHAPE=c4a-highcpu-64 JOBS=5,209.373,209.373,209.373,2094,419
36,Monolithic v0.0.1,v0.0.1-single-vm-proof-gen,Monolith,c4a-highcpu,c4a-highcpu-64,64,ARM64 Neoverse V2,JOBS=6,6,cloud-bench-run TARGET=prover-c4a-highcpu-64 SHAPE=c4a-highcpu-64 JOBS=6,209.373,209.373,209.373,2094,349
37,Monolithic v0.0.1,v0.0.1-single-vm-proof-gen,Monolith,c4a-highcpu,c4a-highcpu-64,64,ARM64 Neoverse V2,JOBS=7,7,cloud-bench-run TARGET=prover-c4a-highcpu-64 SHAPE=c4a-highcpu-64 JOBS=7,209.373,209.373,209.373,2094,300
38,Monolithic v0.0.1,v0.0.1-single-vm-proof-gen,Monolith,c4a-highcpu,c4a-highcpu-64,64,ARM64 Neoverse V2,JOBS=8,8,cloud-bench-run TARGET=prover-c4a-highcpu-64 SHAPE=c4a-highcpu-64 JOBS=8,209.373,209.373,209.373,2094,262
39,Monolithic v0.0.1,v0.0.1-single-vm-proof-gen,Monolith,c4a-highcpu,c4a-highcpu-64,64,ARM64 Neoverse V2,JOBS=9,9,cloud-bench-run TARGET=prover-c4a-highcpu-64 SHAPE=c4a-highcpu-64 JOBS=9,209.373,209.373,209.373,2094,233
40,Monolithic v0.0.1,v0.0.1-single-vm-proof-gen,Monolith,c4a-highcpu,c4a-highcpu-64,64,ARM64 Neoverse V2,JOBS=10,10,cloud-bench-run TARGET=prover-c4a-highcpu-64 SHAPE=c4a-highcpu-64 JOBS=10,209.373,209.373,209.373,2094,210
41,Monolithic v0.0.1,v0.0.1-single-vm-proof-gen,Monolith,c4a-highcpu,c4a-highcpu-72,72,ARM64 Neoverse V2,JOBS=1,1,cloud-bench-run TARGET=prover-c4a-highcpu-72 SHAPE=c4a-highcpu-72 JOBS=1,195.12,195.12,195.12,1952,1952
42,Monolithic v0.0.1,v0.0.1-single-vm-proof-gen,Monolith,c4a-highcpu,c4a-highcpu-72,72,ARM64 Neoverse V2,JOBS=2,2,cloud-bench-run TARGET=prover-c4a-highcpu-72 SHAPE=c4a-highcpu-72 JOBS=2,195.12,195.12,195.12,1952,976
43,Monolithic v0.0.1,v0.0.1-single-vm-proof-gen,Monolith,c4a-highcpu,c4a-highcpu-72,72,ARM64 Neoverse V2,JOBS=3,3,cloud-bench-run TARGET=prover-c4a-highcpu-72 SHAPE=c4a-highcpu-72 JOBS=3,195.12,195.12,195.12,1952,651
44,Monolithic v0.0.1,v0.0.1-single-vm-proof-gen,Monolith,c4a-highcpu,c4a-highcpu-72,72,ARM64 Neoverse V2,JOBS=4,4,cloud-bench-run TARGET=prover-c4a-highcpu-72 SHAPE=c4a-highcpu-72 JOBS=4,195.12,195.12,195.12,1952,488
45,Monolithic v0.0.1,v0.0.1-single-vm-proof-gen,Monolith,c4a-highcpu,c4a-highcpu-72,72,ARM64 Neoverse V2,JOBS=5,5,cloud-bench-run TARGET=prover-c4a-highcpu-72 SHAPE=c4a-highcpu-72 JOBS=5,195.12,195.12,195.12,1952,391
46,Monolithic v0.0.1,v0.0.1-single-vm-proof-gen,Monolith,c4a-highcpu,c4a-highcpu-72,72,ARM64 Neoverse V2,JOBS=6,6,cloud-bench-run TARGET=prover-c4a-highcpu-72 SHAPE=c4a-highcpu-72 JOBS=6,195.12,195.12,195.12,1952,326
47,Monolithic v0.0.1,v0.0.1-single-vm-proof-gen,Monolith,c4a-highcpu,c4a-highcpu-72,72,ARM64 Neoverse V2,JOBS=7,7,cloud-bench-run TARGET=prover-c4a-highcpu-72 SHAPE=c4a-highcpu-72 JOBS=7,195.12,195.12,195.12,1952,279
48,Monolithic v0.0.1,v0.0.1-single-vm-proof-gen,Monolith,c4a-highcpu,c4a-highcpu-72,72,ARM64 Neoverse V2,JOBS=8,8,cloud-bench-run TARGET=prover-c4a-highcpu-72 SHAPE=c4a-highcpu-72 JOBS=8,195.12,195.12,195.12,1952,244
49,Monolithic v0.0.1,v0.0.1-single-vm-proof-gen,Monolith,c4a-highcpu,c4a-highcpu-72,72,ARM64 Neoverse V2,JOBS=9,9,cloud-bench-run TARGET=prover-c4a-highcpu-72 SHAPE=c4a-highcpu-72 JOBS=9,195.12,195.12,195.12,1952,217
50,Monolithic v0.0.1,v0.0.1-single-vm-proof-gen,Monolith,c4a-highcpu,c4a-highcpu-72,72,ARM64 Neoverse V2,JOBS=10,10,cloud-bench-run TARGET=prover-c4a-highcpu-72 SHAPE=c4a-highcpu-72 JOBS=10,195.12,195.12,195.12,1952,196
51,Monolithic v0.0.1,v0.0.1-single-vm-proof-gen,Monolith,c4d-highcpu,c4d-highcpu-16,16,AMD Turin Zen 5,JOBS=1,1,cloud-bench-run TARGET=prover-c4d-highcpu-16 SHAPE=c4d-highcpu-16 JOBS=1,310.2,310.2,310.2,3102,3102
52,Monolithic v0.0.1,v0.0.1-single-vm-proof-gen,Monolith,c4d-highcpu,c4d-highcpu-16,16,AMD Turin Zen 5,JOBS=2,2,cloud-bench-run TARGET=prover-c4d-highcpu-16 SHAPE=c4d-highcpu-16 JOBS=2,310.2,310.2,310.2,3102,1551
53,Monolithic v0.0.1,v0.0.1-single-vm-proof-gen,Monolith,c4d-highcpu,c4d-highcpu-16,16,AMD Turin Zen 5,JOBS=3,3,cloud-bench-run TARGET=prover-c4d-highcpu-16 SHAPE=c4d-highcpu-16 JOBS=3,310.2,310.2,310.2,3102,1034
54,Monolithic v0.0.1,v0.0.1-single-vm-proof-gen,Monolith,c4d-highcpu,c4d-highcpu-16,16,AMD Turin Zen 5,JOBS=4,4,cloud-bench-run TARGET=prover-c4d-highcpu-16 SHAPE=c4d-highcpu-16 JOBS=4,310.2,310.2,310.2,3102,776
55,Monolithic v0.0.1,v0.0.1-single-vm-proof-gen,Monolith,c4d-highcpu,c4d-highcpu-16,16,AMD Turin Zen 5,JOBS=5,5,cloud-bench-run TARGET=prover-c4d-highcpu-16 SHAPE=c4d-highcpu-16 JOBS=5,310.2,310.2,310.2,3102,621
56,Monolithic v0.0.1,v0.0.1-single-vm-proof-gen,Monolith,c4d-highcpu,c4d-highcpu-16,16,AMD Turin Zen 5,JOBS=6,6,cloud-bench-run TARGET=prover-c4d-highcpu-16 SHAPE=c4d-highcpu-16 JOBS=6,310.2,310.2,310.2,3102,517
57,Monolithic v0.0.1,v0.0.1-single-vm-proof-gen,Monolith,c4d-highcpu,c4d-highcpu-16,16,AMD Turin Zen 5,JOBS=7,7,cloud-bench-run TARGET=prover-c4d-highcpu-16 SHAPE=c4d-highcpu-16 JOBS=7,310.2,310.2,310.2,3102,444
58,Monolithic v0.0.1,v0.0.1-single-vm-proof-gen,Monolith,c4d-highcpu,c4d-highcpu-16,16,AMD Turin Zen 5,JOBS=8,8,cloud-bench-run TARGET=prover-c4d-highcpu-16 SHAPE=c4d-highcpu-16 JOBS=8,310.2,310.2,310.2,3102,388
59,Monolithic v0.0.1,v0.0.1-single-vm-proof-gen,Monolith,c4d-highcpu,c4d-highcpu-16,16,AMD Turin Zen 5,JOBS=9,9,cloud-bench-run TARGET=prover-c4d-highcpu-16 SHAPE=c4d-highcpu-16 JOBS=9,310.2,310.2,310.2,3102,345
60,Monolithic v0.0.1,v0.0.1-single-vm-proof-gen,Monolith,c4d-highcpu,c4d-highcpu-16,16,AMD Turin Zen 5,JOBS=10,10,cloud-bench-run TARGET=prover-c4d-highcpu-16 SHAPE=c4d-highcpu-16 JOBS=10,310.2,310.2,310.2,3102,311
61,Monolithic v0.0.1,v0.0.1-single-vm-proof-gen,Monolith,c4d-highcpu,c4d-highcpu-32,32,AMD Turin Zen 5,JOBS=1,1,cloud-bench-run TARGET=prover-c4d-highcpu-32 SHAPE=c4d-highcpu-32 JOBS=1,170.1,170.1,170.1,1701,1701
62,Monolithic v0.0.1,v0.0.1-single-vm-proof-gen,Monolith,c4d-highcpu,c4d-highcpu-32,32,AMD Turin Zen 5,JOBS=2,2,cloud-bench-run TARGET=prover-c4d-highcpu-32 SHAPE=c4d-highcpu-32 JOBS=2,170.1,170.1,170.1,1701,851
63,Monolithic v0.0.1,v0.0.1-single-vm-proof-gen,Monolith,c4d-highcpu,c4d-highcpu-32,32,AMD Turin Zen 5,JOBS=3,3,cloud-bench-run TARGET=prover-c4d-highcpu-32 SHAPE=c4d-highcpu-32 JOBS=3,170.1,170.1,170.1,1701,567
64,Monolithic v0.0.1,v0.0.1-single-vm-proof-gen,Monolith,c4d-highcpu,c4d-highcpu-32,32,AMD Turin Zen 5,JOBS=4,4,cloud-bench-run TARGET=prover-c4d-highcpu-32 SHAPE=c4d-highcpu-32 JOBS=4,170.1,170.1,170.1,1701,426
65,Monolithic v0.0.1,v0.0.1-single-vm-proof-gen,Monolith,c4d-highcpu,c4d-highcpu-32,32,AMD Turin Zen 5,JOBS=5,5,cloud-bench-run TARGET=prover-c4d-highcpu-32 SHAPE=c4d-highcpu-32 JOBS=5,170.1,170.1,170.1,1701,341
66,Monolithic v0.0.1,v0.0.1-single-vm-proof-gen,Monolith,c4d-highcpu,c4d-highcpu-32,32,AMD Turin Zen 5,JOBS=6,6,cloud-bench-run TARGET=prover-c4d-highcpu-32 SHAPE=c4d-highcpu-32 JOBS=6,170.1,170.1,170.1,1701,284
67,Monolithic v0.0.1,v0.0.1-single-vm-proof-gen,Monolith,c4d-highcpu,c4d-highcpu-32,32,AMD Turin Zen 5,JOBS=7,7,cloud-bench-run TARGET=prover-c4d-highcpu-32 SHAPE=c4d-highcpu-32 JOBS=7,170.1,170.1,170.1,1701,243
68,Monolithic v0.0.1,v0.0.1-single-vm-proof-gen,Monolith,c4d-highcpu,c4d-highcpu-32,32,AMD Turin Zen 5,JOBS=8,8,cloud-bench-run TARGET=prover-c4d-highcpu-32 SHAPE=c4d-highcpu-32 JOBS=8,170.1,170.1,170.1,1701,213
69,Monolithic v0.0.1,v0.0.1-single-vm-proof-gen,Monolith,c4d-highcpu,c4d-highcpu-32,32,AMD Turin Zen 5,JOBS=9,9,cloud-bench-run TARGET=prover-c4d-highcpu-32 SHAPE=c4d-highcpu-32 JOBS=9,170.1,170.1,170.1,1701,189
70,Monolithic v0.0.1,v0.0.1-single-vm-proof-gen,Monolith,c4d-highcpu,c4d-highcpu-32,32,AMD Turin Zen 5,JOBS=10,10,cloud-bench-run TARGET=prover-c4d-highcpu-32 SHAPE=c4d-highcpu-32 JOBS=10,170.1,170.1,170.1,1701,171
71,Monolithic v0.0.1,v0.0.1-single-vm-proof-gen,Monolith,c4d-highcpu,c4d-highcpu-48,48,AMD Turin Zen 5,JOBS=1,1,cloud-bench-run TARGET=prover-c4d-highcpu-48 SHAPE=c4d-highcpu-48 JOBS=1,125.05,125.05,125.05,1251,1251
72,Monolithic v0.0.1,v0.0.1-single-vm-proof-gen,Monolith,c4d-highcpu,c4d-highcpu-48,48,AMD Turin Zen 5,JOBS=2,2,cloud-bench-run TARGET=prover-c4d-highcpu-48 SHAPE=c4d-highcpu-48 JOBS=2,125.05,125.05,125.05,1251,626
73,Monolithic v0.0.1,v0.0.1-single-vm-proof-gen,Monolith,c4d-highcpu,c4d-highcpu-48,48,AMD Turin Zen 5,JOBS=3,3,cloud-bench-run TARGET=prover-c4d-highcpu-48 SHAPE=c4d-highcpu-48 JOBS=3,125.05,125.05,125.05,1251,417
74,Monolithic v0.0.1,v0.0.1-single-vm-proof-gen,Monolith,c4d-highcpu,c4d-highcpu-48,48,AMD Turin Zen 5,JOBS=4,4,cloud-bench-run TARGET=prover-c4d-highcpu-48 SHAPE=c4d-highcpu-48 JOBS=4,125.05,125.05,125.05,1251,313
75,Monolithic v0.0.1,v0.0.1-single-vm-proof-gen,Monolith,c4d-highcpu,c4d-highcpu-48,48,AMD Turin Zen 5,JOBS=5,5,cloud-bench-run TARGET=prover-c4d-highcpu-48 SHAPE=c4d-highcpu-48 JOBS=5,125.05,125.05,125.05,1251,251
76,Monolithic v0.0.1,v0.0.1-single-vm-proof-gen,Monolith,c4d-highcpu,c4d-highcpu-48,48,AMD Turin Zen 5,JOBS=6,6,cloud-bench-run TARGET=prover-c4d-highcpu-48 SHAPE=c4d-highcpu-48 JOBS=6,125.05,125.05,125.05,1251,209
77,Monolithic v0.0.1,v0.0.1-single-vm-proof-gen,Monolith,c4d-highcpu,c4d-highcpu-48,48,AMD Turin Zen 5,JOBS=7,7,cloud-bench-run TARGET=prover-c4d-highcpu-48 SHAPE=c4d-highcpu-48 JOBS=7,125.05,125.05,125.05,1251,179
78,Monolithic v0.0.1,v0.0.1-single-vm-proof-gen,Monolith,c4d-highcpu,c4d-highcpu-48,48,AMD Turin Zen 5,JOBS=8,8,cloud-bench-run TARGET=prover-c4d-highcpu-48 SHAPE=c4d-highcpu-48 JOBS=8,125.05,125.05,125.05,1251,157
79,Monolithic v0.0.1,v0.0.1-single-vm-proof-gen,Monolith,c4d-highcpu,c4d-highcpu-48,48,AMD Turin Zen 5,JOBS=9,9,cloud-bench-run TARGET=prover-c4d-highcpu-48 SHAPE=c4d-highcpu-48 JOBS=9,125.05,125.05,125.05,1251,139
80,Monolithic v0.0.1,v0.0.1-single-vm-proof-gen,Monolith,c4d-highcpu,c4d-highcpu-48,48,AMD Turin Zen 5,JOBS=10,10,cloud-bench-run TARGET=prover-c4d-highcpu-48 SHAPE=c4d-highcpu-48 JOBS=10,125.05,125.05,125.05,1251,126
81,Monolithic v0.0.1,v0.0.1-single-vm-proof-gen,Monolith,c4d-highcpu,c4d-highcpu-64,64,AMD Turin Zen 5,JOBS=1,1,cloud-bench-run TARGET=prover-c4d-highcpu-64 SHAPE=c4d-highcpu-64 JOBS=1,99.498,99.498,99.498,995,995
82,Monolithic v0.0.1,v0.0.1-single-vm-proof-gen,Monolith,c4d-highcpu,c4d-highcpu-64,64,AMD Turin Zen 5,JOBS=2,2,cloud-bench-run TARGET=prover-c4d-highcpu-64 SHAPE=c4d-highcpu-64 JOBS=2,99.498,99.498,99.498,995,498
83,Monolithic v0.0.1,v0.0.1-single-vm-proof-gen,Monolith,c4d-highcpu,c4d-highcpu-64,64,AMD Turin Zen 5,JOBS=3,3,cloud-bench-run TARGET=prover-c4d-highcpu-64 SHAPE=c4d-highcpu-64 JOBS=3,99.498,99.498,99.498,995,332
84,Monolithic v0.0.1,v0.0.1-single-vm-proof-gen,Monolith,c4d-highcpu,c4d-highcpu-64,64,AMD Turin Zen 5,JOBS=4,4,cloud-bench-run TARGET=prover-c4d-highcpu-64 SHAPE=c4d-highcpu-64 JOBS=4,99.498,99.498,99.498,995,249
85,Monolithic v0.0.1,v0.0.1-single-vm-proof-gen,Monolith,c4d-highcpu,c4d-highcpu-64,64,AMD Turin Zen 5,JOBS=5,5,cloud-bench-run TARGET=prover-c4d-highcpu-64 SHAPE=c4d-highcpu-64 JOBS=5,99.498,99.498,99.498,995,199
86,Monolithic v0.0.1,v0.0.1-single-vm-proof-gen,Monolith,c4d-highcpu,c4d-highcpu-64,64,AMD Turin Zen 5,JOBS=6,6,cloud-bench-run TARGET=prover-c4d-highcpu-64 SHAPE=c4d-highcpu-64 JOBS=6,99.498,99.498,99.498,995,166
87,Monolithic v0.0.1,v0.0.1-single-vm-proof-gen,Monolith,c4d-highcpu,c4d-highcpu-64,64,AMD Turin Zen 5,JOBS=7,7,cloud-bench-run TARGET=prover-c4d-highcpu-64 SHAPE=c4d-highcpu-64 JOBS=7,99.498,99.498,99.498,995,143
88,Monolithic v0.0.1,v0.0.1-single-vm-proof-gen,Monolith,c4d-highcpu,c4d-highcpu-64,64,AMD Turin Zen 5,JOBS=8,8,cloud-bench-run TARGET=prover-c4d-highcpu-64 SHAPE=c4d-highcpu-64 JOBS=8,99.498,99.498,99.498,995,125
89,Monolithic v0.0.1,v0.0.1-single-vm-proof-gen,Monolith,c4d-highcpu,c4d-highcpu-64,64,AMD Turin Zen 5,JOBS=9,9,cloud-bench-run TARGET=prover-c4d-highcpu-64 SHAPE=c4d-highcpu-64 JOBS=9,99.498,99.498,99.498,995,111
90,Monolithic v0.0.1,v0.0.1-single-vm-proof-gen,Monolith,c4d-highcpu,c4d-highcpu-64,64,AMD Turin Zen 5,JOBS=10,10,cloud-bench-run TARGET=prover-c4d-highcpu-64 SHAPE=c4d-highcpu-64 JOBS=10,99.498,99.498,99.498,995,100
91,Monolithic v0.0.1,v0.0.1-single-vm-proof-gen,Monolith,c4d-highcpu,c4d-highcpu-96,96,AMD Turin Zen 5,JOBS=1,1,cloud-bench-run TARGET=prover-c4d-highcpu-96 SHAPE=c4d-highcpu-96 JOBS=1,72.1,72.1,72.1,721,721
92,Monolithic v0.0.1,v0.0.1-single-vm-proof-gen,Monolith,c4d-highcpu,c4d-highcpu-96,96,AMD Turin Zen 5,JOBS=2,2,cloud-bench-run TARGET=prover-c4d-highcpu-96 SHAPE=c4d-highcpu-96 JOBS=2,72.1,72.1,72.1,721,361
93,Monolithic v0.0.1,v0.0.1-single-vm-proof-gen,Monolith,c4d-highcpu,c4d-highcpu-96,96,AMD Turin Zen 5,JOBS=3,3,cloud-bench-run TARGET=prover-c4d-highcpu-96 SHAPE=c4d-highcpu-96 JOBS=3,72.1,72.1,72.1,721,241
94,Monolithic v0.0.1,v0.0.1-single-vm-proof-gen,Monolith,c4d-highcpu,c4d-highcpu-96,96,AMD Turin Zen 5,JOBS=4,4,cloud-bench-run TARGET=prover-c4d-highcpu-96 SHAPE=c4d-highcpu-96 JOBS=4,72.1,72.1,72.1,721,181
95,Monolithic v0.0.1,v0.0.1-single-vm-proof-gen,Monolith,c4d-highcpu,c4d-highcpu-96,96,AMD Turin Zen 5,JOBS=5,5,cloud-bench-run TARGET=prover-c4d-highcpu-96 SHAPE=c4d-highcpu-96 JOBS=5,72.1,72.1,72.1,721,145
96,Monolithic v0.0.1,v0.0.1-single-vm-proof-gen,Monolith,c4d-highcpu,c4d-highcpu-96,96,AMD Turin Zen 5,JOBS=6,6,cloud-bench-run TARGET=prover-c4d-highcpu-96 SHAPE=c4d-highcpu-96 JOBS=6,72.1,72.1,72.1,721,121
97,Monolithic v0.0.1,v0.0.1-single-vm-proof-gen,Monolith,c4d-highcpu,c4d-highcpu-96,96,AMD Turin Zen 5,JOBS=7,7,cloud-bench-run TARGET=prover-c4d-highcpu-96 SHAPE=c4d-highcpu-96 JOBS=7,72.1,72.1,72.1,721,103
98,Monolithic v0.0.1,v0.0.1-single-vm-proof-gen,Monolith,c4d-highcpu,c4d-highcpu-96,96,AMD Turin Zen 5,JOBS=8,8,cloud-bench-run TARGET=prover-c4d-highcpu-96 SHAPE=c4d-highcpu-96 JOBS=8,72.1,72.1,72.1,721,91
99,Monolithic v0.0.1,v0.0.1-single-vm-proof-gen,Monolith,c4d-highcpu,c4d-highcpu-96,96,AMD Turin Zen 5,JOBS=9,9,cloud-bench-run TARGET=prover-c4d-highcpu-96 SHAPE=c4d-highcpu-96 JOBS=9,72.1,72.1,72.1,721,81
100,Monolithic v0.0.1,v0.0.1-single-vm-proof-gen,Monolith,c4d-highcpu,c4d-highcpu-96,96,AMD Turin Zen 5,JOBS=10,10,cloud-bench-run TARGET=prover-c4d-highcpu-96 SHAPE=c4d-highcpu-96 JOBS=10,72.1,72.1,72.1,721,73
101,Monolithic v0.0.1,v0.0.1-single-vm-proof-gen,Monolith,c3d-highcpu,c3d-highcpu-16,16,AMD Genoa Zen 4,JOBS=1,1,cloud-bench-run TARGET=prover-c3d-highcpu-16 SHAPE=c3d-highcpu-16 JOBS=1,450.1,450.1,450.1,4501,4501
102,Monolithic v0.0.1,v0.0.1-single-vm-proof-gen,Monolith,c3d-highcpu,c3d-highcpu-16,16,AMD Genoa Zen 4,JOBS=2,2,cloud-bench-run TARGET=prover-c3d-highcpu-16 SHAPE=c3d-highcpu-16 JOBS=2,450.1,450.1,450.1,4501,2251
103,Monolithic v0.0.1,v0.0.1-single-vm-proof-gen,Monolith,c3d-highcpu,c3d-highcpu-16,16,AMD Genoa Zen 4,JOBS=3,3,cloud-bench-run TARGET=prover-c3d-highcpu-16 SHAPE=c3d-highcpu-16 JOBS=3,450.1,450.1,450.1,4501,1501
104,Monolithic v0.0.1,v0.0.1-single-vm-proof-gen,Monolith,c3d-highcpu,c3d-highcpu-16,16,AMD Genoa Zen 4,JOBS=4,4,cloud-bench-run TARGET=prover-c3d-highcpu-16 SHAPE=c3d-highcpu-16 JOBS=4,450.1,450.1,450.1,4501,1126
105,Monolithic v0.0.1,v0.0.1-single-vm-proof-gen,Monolith,c3d-highcpu,c3d-highcpu-16,16,AMD Genoa Zen 4,JOBS=5,5,cloud-bench-run TARGET=prover-c3d-highcpu-16 SHAPE=c3d-highcpu-16 JOBS=5,450.1,450.1,450.1,4501,901
106,Monolithic v0.0.1,v0.0.1-single-vm-proof-gen,Monolith,c3d-highcpu,c3d-highcpu-16,16,AMD Genoa Zen 4,JOBS=6,6,cloud-bench-run TARGET=prover-c3d-highcpu-16 SHAPE=c3d-highcpu-16 JOBS=6,450.1,450.1,450.1,4501,751
107,Monolithic v0.0.1,v0.0.1-single-vm-proof-gen,Monolith,c3d-highcpu,c3d-highcpu-16,16,AMD Genoa Zen 4,JOBS=7,7,cloud-bench-run TARGET=prover-c3d-highcpu-16 SHAPE=c3d-highcpu-16 JOBS=7,450.1,450.1,450.1,4501,643
108,Monolithic v0.0.1,v0.0.1-single-vm-proof-gen,Monolith,c3d-highcpu,c3d-highcpu-16,16,AMD Genoa Zen 4,JOBS=8,8,cloud-bench-run TARGET=prover-c3d-highcpu-16 SHAPE=c3d-highcpu-16 JOBS=8,450.1,450.1,450.1,4501,563
109,Monolithic v0.0.1,v0.0.1-single-vm-proof-gen,Monolith,c3d-highcpu,c3d-highcpu-16,16,AMD Genoa Zen 4,JOBS=9,9,cloud-bench-run TARGET=prover-c3d-highcpu-16 SHAPE=c3d-highcpu-16 JOBS=9,450.1,450.1,450.1,4501,501
110,Monolithic v0.0.1,v0.0.1-single-vm-proof-gen,Monolith,c3d-highcpu,c3d-highcpu-16,16,AMD Genoa Zen 4,JOBS=10,10,cloud-bench-run TARGET=prover-c3d-highcpu-16 SHAPE=c3d-highcpu-16 JOBS=10,450.1,450.1,450.1,4501,451
111,Monolithic v0.0.1,v0.0.1-single-vm-proof-gen,Monolith,c3d-highcpu,c3d-highcpu-30,30,AMD Genoa Zen 4,JOBS=1,1,cloud-bench-run TARGET=prover-c3d-highcpu-30 SHAPE=c3d-highcpu-30 JOBS=1,262.669,262.669,262.669,2627,2627
112,Monolithic v0.0.1,v0.0.1-single-vm-proof-gen,Monolith,c3d-highcpu,c3d-highcpu-30,30,AMD Genoa Zen 4,JOBS=2,2,cloud-bench-run TARGET=prover-c3d-highcpu-30 SHAPE=c3d-highcpu-30 JOBS=2,267.145,268.751,267.948,2680,1340
113,Monolithic v0.0.1,v0.0.1-single-vm-proof-gen,Monolith,c3d-highcpu,c3d-highcpu-30,30,AMD Genoa Zen 4,JOBS=3,3,cloud-bench-run TARGET=prover-c3d-highcpu-30 SHAPE=c3d-highcpu-30 JOBS=3,270.549,272.36,271.394,2714,905
114,Monolithic v0.0.1,v0.0.1-single-vm-proof-gen,Monolith,c3d-highcpu,c3d-highcpu-30,30,AMD Genoa Zen 4,JOBS=4,4,cloud-bench-run TARGET=prover-c3d-highcpu-30 SHAPE=c3d-highcpu-30 JOBS=4,274.765,276.694,275.729,2758,690
115,Monolithic v0.0.1,v0.0.1-single-vm-proof-gen,Monolith,c3d-highcpu,c3d-highcpu-30,30,AMD Genoa Zen 4,JOBS=5,5,cloud-bench-run TARGET=prover-c3d-highcpu-30 SHAPE=c3d-highcpu-30 JOBS=5,278.429,280.442,279.413,2795,559
116,Monolithic v0.0.1,v0.0.1-single-vm-proof-gen,Monolith,c3d-highcpu,c3d-highcpu-30,30,AMD Genoa Zen 4,JOBS=6,6,cloud-bench-run TARGET=prover-c3d-highcpu-30 SHAPE=c3d-highcpu-30 JOBS=6,282.558,284.637,283.598,2836,473
117,Monolithic v0.0.1,v0.0.1-single-vm-proof-gen,Monolith,c3d-highcpu,c3d-highcpu-30,30,AMD Genoa Zen 4,JOBS=7,7,cloud-bench-run TARGET=prover-c3d-highcpu-30 SHAPE=c3d-highcpu-30 JOBS=7,286.309,288.445,287.365,2874,411
118,Monolithic v0.0.1,v0.0.1-single-vm-proof-gen,Monolith,c3d-highcpu,c3d-highcpu-30,30,AMD Genoa Zen 4,JOBS=8,8,cloud-bench-run TARGET=prover-c3d-highcpu-30 SHAPE=c3d-highcpu-30 JOBS=8,290.395,292.581,291.488,2915,365
119,Monolithic v0.0.1,v0.0.1-single-vm-proof-gen,Monolith,c3d-highcpu,c3d-highcpu-30,30,AMD Genoa Zen 4,JOBS=9,9,cloud-bench-run TARGET=prover-c3d-highcpu-30 SHAPE=c3d-highcpu-30 JOBS=9,294.189,296.421,295.298,2953,329
120,Monolithic v0.0.1,v0.0.1-single-vm-proof-gen,Monolith,c3d-highcpu,c3d-highcpu-30,30,AMD Genoa Zen 4,JOBS=10,10,cloud-bench-run TARGET=prover-c3d-highcpu-30 SHAPE=c3d-highcpu-30 JOBS=10,298.249,300.524,299.387,2994,300
121,Monolithic v0.0.1,v0.0.1-single-vm-proof-gen,Monolith,c3d-highcpu,c3d-highcpu-60,60,AMD Genoa Zen 4,JOBS=1,1,cloud-bench-run TARGET=prover-c3d-highcpu-60 SHAPE=c3d-highcpu-60 JOBS=1,144.298,144.298,144.298,1443,1443
122,Monolithic v0.0.1,v0.0.1-single-vm-proof-gen,Monolith,c3d-highcpu,c3d-highcpu-60,60,AMD Genoa Zen 4,JOBS=2,2,cloud-bench-run TARGET=prover-c3d-highcpu-60 SHAPE=c3d-highcpu-60 JOBS=2,144.298,144.298,144.298,1443,722
123,Monolithic v0.0.1,v0.0.1-single-vm-proof-gen,Monolith,c3d-highcpu,c3d-highcpu-60,60,AMD Genoa Zen 4,JOBS=3,3,cloud-bench-run TARGET=prover-c3d-highcpu-60 SHAPE=c3d-highcpu-60 JOBS=3,144.298,144.298,144.298,1443,481
124,Monolithic v0.0.1,v0.0.1-single-vm-proof-gen,Monolith,c3d-highcpu,c3d-highcpu-60,60,AMD Genoa Zen 4,JOBS=4,4,cloud-bench-run TARGET=prover-c3d-highcpu-60 SHAPE=c3d-highcpu-60 JOBS=4,144.298,144.298,144.298,1443,361
125,Monolithic v0.0.1,v0.0.1-single-vm-proof-gen,Monolith,c3d-highcpu,c3d-highcpu-60,60,AMD Genoa Zen 4,JOBS=5,5,cloud-bench-run TARGET=prover-c3d-highcpu-60 SHAPE=c3d-highcpu-60 JOBS=5,144.298,144.298,144.298,1443,289
126,Monolithic v0.0.1,v0.0.1-single-vm-proof-gen,Monolith,c3d-highcpu,c3d-highcpu-60,60,AMD Genoa Zen 4,JOBS=6,6,cloud-bench-run TARGET=prover-c3d-highcpu-60 SHAPE=c3d-highcpu-60 JOBS=6,144.298,144.298,144.298,1443,241
127,Monolithic v0.0.1,v0.0.1-single-vm-proof-gen,Monolith,c3d-highcpu,c3d-highcpu-60,60,AMD Genoa Zen 4,JOBS=7,7,cloud-bench-run TARGET=prover-c3d-highcpu-60 SHAPE=c3d-highcpu-60 JOBS=7,144.298,144.298,144.298,1443,207
128,Monolithic v0.0.1,v0.0.1-single-vm-proof-gen,Monolith,c3d-highcpu,c3d-highcpu-60,60,AMD Genoa Zen 4,JOBS=8,8,cloud-bench-run TARGET=prover-c3d-highcpu-60 SHAPE=c3d-highcpu-60 JOBS=8,144.298,144.298,144.298,1443,181
129,Monolithic v0.0.1,v0.0.1-single-vm-proof-gen,Monolith,c3d-highcpu,c3d-highcpu-60,60,AMD Genoa Zen 4,JOBS=9,9,cloud-bench-run TARGET=prover-c3d-highcpu-60 SHAPE=c3d-highcpu-60 JOBS=9,144.298,144.298,144.298,1443,161
130,Monolithic v0.0.1,v0.0.1-single-vm-proof-gen,Monolith,c3d-highcpu,c3d-highcpu-60,60,AMD Genoa Zen 4,JOBS=10,10,cloud-bench-run TARGET=prover-c3d-highcpu-60 SHAPE=c3d-highcpu-60 JOBS=10,144.298,144.298,144.298,1443,145
131,Monolithic v0.0.1,v0.0.1-single-vm-proof-gen,Monolith,c3d-highcpu,c3d-highcpu-90,90,AMD Genoa Zen 4,JOBS=1,1,cloud-bench-run TARGET=prover-c3d-highcpu-90 SHAPE=c3d-highcpu-90 JOBS=1,105.1,105.1,105.1,1051,1051
132,Monolithic v0.0.1,v0.0.1-single-vm-proof-gen,Monolith,c3d-highcpu,c3d-highcpu-90,90,AMD Genoa Zen 4,JOBS=2,2,cloud-bench-run TARGET=prover-c3d-highcpu-90 SHAPE=c3d-highcpu-90 JOBS=2,105.1,105.1,105.1,1051,526
133,Monolithic v0.0.1,v0.0.1-single-vm-proof-gen,Monolith,c3d-highcpu,c3d-highcpu-90,90,AMD Genoa Zen 4,JOBS=3,3,cloud-bench-run TARGET=prover-c3d-highcpu-90 SHAPE=c3d-highcpu-90 JOBS=3,105.1,105.1,105.1,1051,351
134,Monolithic v0.0.1,v0.0.1-single-vm-proof-gen,Monolith,c3d-highcpu,c3d-highcpu-90,90,AMD Genoa Zen 4,JOBS=4,4,cloud-bench-run TARGET=prover-c3d-highcpu-90 SHAPE=c3d-highcpu-90 JOBS=4,105.1,105.1,105.1,1051,263
135,Monolithic v0.0.1,v0.0.1-single-vm-proof-gen,Monolith,c3d-highcpu,c3d-highcpu-90,90,AMD Genoa Zen 4,JOBS=5,5,cloud-bench-run TARGET=prover-c3d-highcpu-90 SHAPE=c3d-highcpu-90 JOBS=5,105.1,105.1,105.1,1051,211
136,Monolithic v0.0.1,v0.0.1-single-vm-proof-gen,Monolith,c3d-highcpu,c3d-highcpu-90,90,AMD Genoa Zen 4,JOBS=6,6,cloud-bench-run TARGET=prover-c3d-highcpu-90 SHAPE=c3d-highcpu-90 JOBS=6,105.1,105.1,105.1,1051,176
137,Monolithic v0.0.1,v0.0.1-single-vm-proof-gen,Monolith,c3d-highcpu,c3d-highcpu-90,90,AMD Genoa Zen 4,JOBS=7,7,cloud-bench-run TARGET=prover-c3d-highcpu-90 SHAPE=c3d-highcpu-90 JOBS=7,105.1,105.1,105.1,1051,151
138,Monolithic v0.0.1,v0.0.1-single-vm-proof-gen,Monolith,c3d-highcpu,c3d-highcpu-90,90,AMD Genoa Zen 4,JOBS=8,8,cloud-bench-run TARGET=prover-c3d-highcpu-90 SHAPE=c3d-highcpu-90 JOBS=8,105.1,105.1,105.1,1051,132
139,Monolithic v0.0.1,v0.0.1-single-vm-proof-gen,Monolith,c3d-highcpu,c3d-highcpu-90,90,AMD Genoa Zen 4,JOBS=9,9,cloud-bench-run TARGET=prover-c3d-highcpu-90 SHAPE=c3d-highcpu-90 JOBS=9,105.1,105.1,105.1,1051,117
140,Monolithic v0.0.1,v0.0.1-single-vm-proof-gen,Monolith,c3d-highcpu,c3d-highcpu-90,90,AMD Genoa Zen 4,JOBS=10,10,cloud-bench-run TARGET=prover-c3d-highcpu-90 SHAPE=c3d-highcpu-90 JOBS=10,105.1,105.1,105.1,1051,106
141,Monolithic v0.0.1,v0.0.1-single-vm-proof-gen,Monolith,c3d-highcpu,c3d-highcpu-180,180,AMD Genoa Zen 4,JOBS=1,1,cloud-bench-run TARGET=prover-c3d-highcpu-180 SHAPE=c3d-highcpu-180 JOBS=1,62.4,62.4,62.4,624,624
142,Monolithic v0.0.1,v0.0.1-single-vm-proof-gen,Monolith,c3d-highcpu,c3d-highcpu-180,180,AMD Genoa Zen 4,JOBS=2,2,cloud-bench-run TARGET=prover-c3d-highcpu-180 SHAPE=c3d-highcpu-180 JOBS=2,62.4,62.4,62.4,624,312
143,Monolithic v0.0.1,v0.0.1-single-vm-proof-gen,Monolith,c3d-highcpu,c3d-highcpu-180,180,AMD Genoa Zen 4,JOBS=3,3,cloud-bench-run TARGET=prover-c3d-highcpu-180 SHAPE=c3d-highcpu-180 JOBS=3,62.4,62.4,62.4,624,208
144,Monolithic v0.0.1,v0.0.1-single-vm-proof-gen,Monolith,c3d-highcpu,c3d-highcpu-180,180,AMD Genoa Zen 4,JOBS=4,4,cloud-bench-run TARGET=prover-c3d-highcpu-180 SHAPE=c3d-highcpu-180 JOBS=4,62.4,62.4,62.4,624,156
145,Monolithic v0.0.1,v0.0.1-single-vm-proof-gen,Monolith,c3d-highcpu,c3d-highcpu-180,180,AMD Genoa Zen 4,JOBS=5,5,cloud-bench-run TARGET=prover-c3d-highcpu-180 SHAPE=c3d-highcpu-180 JOBS=5,62.4,62.4,62.4,624,125
146,Monolithic v0.0.1,v0.0.1-single-vm-proof-gen,Monolith,c3d-highcpu,c3d-highcpu-180,180,AMD Genoa Zen 4,JOBS=6,6,cloud-bench-run TARGET=prover-c3d-highcpu-180 SHAPE=c3d-highcpu-180 JOBS=6,62.4,62.4,62.4,624,104
147,Monolithic v0.0.1,v0.0.1-single-vm-proof-gen,Monolith,c3d-highcpu,c3d-highcpu-180,180,AMD Genoa Zen 4,JOBS=7,7,cloud-bench-run TARGET=prover-c3d-highcpu-180 SHAPE=c3d-highcpu-180 JOBS=7,62.4,62.4,62.4,624,90
148,Monolithic v0.0.1,v0.0.1-single-vm-proof-gen,Monolith,c3d-highcpu,c3d-highcpu-180,180,AMD Genoa Zen 4,JOBS=8,8,cloud-bench-run TARGET=prover-c3d-highcpu-180 SHAPE=c3d-highcpu-180 JOBS=8,62.4,62.4,62.4,624,78
149,Monolithic v0.0.1,v0.0.1-single-vm-proof-gen,Monolith,c3d-highcpu,c3d-highcpu-180,180,AMD Genoa Zen 4,JOBS=9,9,cloud-bench-run TARGET=prover-c3d-highcpu-180 SHAPE=c3d-highcpu-180 JOBS=9,62.4,62.4,62.4,624,70
150,Monolithic v0.0.1,v0.0.1-single-vm-proof-gen,Monolith,c3d-highcpu,c3d-highcpu-180,180,AMD Genoa Zen 4,JOBS=10,10,cloud-bench-run TARGET=prover-c3d-highcpu-180 SHAPE=c3d-highcpu-180 JOBS=10,62.4,62.4,62.4,624,63
151,Monolithic v0.0.1,v0.0.1-single-vm-proof-gen,Monolith,t2d-standard,t2d-standard-16,16,AMD Milan Zen 3,JOBS=1,1,cloud-bench-run TARGET=prover-t2d-standard-16 SHAPE=t2d-standard-16 JOBS=1,590.2,590.2,590.2,5902,5902
152,Monolithic v0.0.1,v0.0.1-single-vm-proof-gen,Monolith,t2d-standard,t2d-standard-16,16,AMD Milan Zen 3,JOBS=2,2,cloud-bench-run TARGET=prover-t2d-standard-16 SHAPE=t2d-standard-16 JOBS=2,590.2,590.2,590.2,5902,2951
153,Monolithic v0.0.1,v0.0.1-single-vm-proof-gen,Monolith,t2d-standard,t2d-standard-16,16,AMD Milan Zen 3,JOBS=3,3,cloud-bench-run TARGET=prover-t2d-standard-16 SHAPE=t2d-standard-16 JOBS=3,590.2,590.2,590.2,5902,1968
154,Monolithic v0.0.1,v0.0.1-single-vm-proof-gen,Monolith,t2d-standard,t2d-standard-16,16,AMD Milan Zen 3,JOBS=4,4,cloud-bench-run TARGET=prover-t2d-standard-16 SHAPE=t2d-standard-16 JOBS=4,590.2,590.2,590.2,5902,1476
155,Monolithic v0.0.1,v0.0.1-single-vm-proof-gen,Monolith,t2d-standard,t2d-standard-16,16,AMD Milan Zen 3,JOBS=5,5,cloud-bench-run TARGET=prover-t2d-standard-16 SHAPE=t2d-standard-16 JOBS=5,590.2,590.2,590.2,5902,1181
156,Monolithic v0.0.1,v0.0.1-single-vm-proof-gen,Monolith,t2d-standard,t2d-standard-16,16,AMD Milan Zen 3,JOBS=6,6,cloud-bench-run TARGET=prover-t2d-standard-16 SHAPE=t2d-standard-16 JOBS=6,590.2,590.2,590.2,5902,984
157,Monolithic v0.0.1,v0.0.1-single-vm-proof-gen,Monolith,t2d-standard,t2d-standard-16,16,AMD Milan Zen 3,JOBS=7,7,cloud-bench-run TARGET=prover-t2d-standard-16 SHAPE=t2d-standard-16 JOBS=7,590.2,590.2,590.2,5902,844
158,Monolithic v0.0.1,v0.0.1-single-vm-proof-gen,Monolith,t2d-standard,t2d-standard-16,16,AMD Milan Zen 3,JOBS=8,8,cloud-bench-run TARGET=prover-t2d-standard-16 SHAPE=t2d-standard-16 JOBS=8,590.2,590.2,590.2,5902,738
159,Monolithic v0.0.1,v0.0.1-single-vm-proof-gen,Monolith,t2d-standard,t2d-standard-16,16,AMD Milan Zen 3,JOBS=9,9,cloud-bench-run TARGET=prover-t2d-standard-16 SHAPE=t2d-standard-16 JOBS=9,590.2,590.2,590.2,5902,656
160,Monolithic v0.0.1,v0.0.1-single-vm-proof-gen,Monolith,t2d-standard,t2d-standard-16,16,AMD Milan Zen 3,JOBS=10,10,cloud-bench-run TARGET=prover-t2d-standard-16 SHAPE=t2d-standard-16 JOBS=10,590.2,590.2,590.2,5902,591
161,Monolithic v0.0.1,v0.0.1-single-vm-proof-gen,Monolith,t2d-standard,t2d-standard-32,32,AMD Milan Zen 3,JOBS=1,1,cloud-bench-run TARGET=prover-t2d-standard-32 SHAPE=t2d-standard-32 JOBS=1,320.1,320.1,320.1,3201,3201
162,Monolithic v0.0.1,v0.0.1-single-vm-proof-gen,Monolith,t2d-standard,t2d-standard-32,32,AMD Milan Zen 3,JOBS=2,2,cloud-bench-run TARGET=prover-t2d-standard-32 SHAPE=t2d-standard-32 JOBS=2,320.1,320.1,320.1,3201,1601
163,Monolithic v0.0.1,v0.0.1-single-vm-proof-gen,Monolith,t2d-standard,t2d-standard-32,32,AMD Milan Zen 3,JOBS=3,3,cloud-bench-run TARGET=prover-t2d-standard-32 SHAPE=t2d-standard-32 JOBS=3,320.1,320.1,320.1,3201,1067
164,Monolithic v0.0.1,v0.0.1-single-vm-proof-gen,Monolith,t2d-standard,t2d-standard-32,32,AMD Milan Zen 3,JOBS=4,4,cloud-bench-run TARGET=prover-t2d-standard-32 SHAPE=t2d-standard-32 JOBS=4,320.1,320.1,320.1,3201,801
165,Monolithic v0.0.1,v0.0.1-single-vm-proof-gen,Monolith,t2d-standard,t2d-standard-32,32,AMD Milan Zen 3,JOBS=5,5,cloud-bench-run TARGET=prover-t2d-standard-32 SHAPE=t2d-standard-32 JOBS=5,320.1,320.1,320.1,3201,641
166,Monolithic v0.0.1,v0.0.1-single-vm-proof-gen,Monolith,t2d-standard,t2d-standard-32,32,AMD Milan Zen 3,JOBS=6,6,cloud-bench-run TARGET=prover-t2d-standard-32 SHAPE=t2d-standard-32 JOBS=6,320.1,320.1,320.1,3201,534
167,Monolithic v0.0.1,v0.0.1-single-vm-proof-gen,Monolith,t2d-standard,t2d-standard-32,32,AMD Milan Zen 3,JOBS=7,7,cloud-bench-run TARGET=prover-t2d-standard-32 SHAPE=t2d-standard-32 JOBS=7,320.1,320.1,320.1,3201,458
168,Monolithic v0.0.1,v0.0.1-single-vm-proof-gen,Monolith,t2d-standard,t2d-standard-32,32,AMD Milan Zen 3,JOBS=8,8,cloud-bench-run TARGET=prover-t2d-standard-32 SHAPE=t2d-standard-32 JOBS=8,320.1,320.1,320.1,3201,401
169,Monolithic v0.0.1,v0.0.1-single-vm-proof-gen,Monolith,t2d-standard,t2d-standard-32,32,AMD Milan Zen 3,JOBS=9,9,cloud-bench-run TARGET=prover-t2d-standard-32 SHAPE=t2d-standard-32 JOBS=9,320.1,320.1,320.1,3201,356
170,Monolithic v0.0.1,v0.0.1-single-vm-proof-gen,Monolith,t2d-standard,t2d-standard-32,32,AMD Milan Zen 3,JOBS=10,10,cloud-bench-run TARGET=prover-t2d-standard-32 SHAPE=t2d-standard-32 JOBS=10,320.1,320.1,320.1,3201,321
171,Monolithic v0.0.1,v0.0.1-single-vm-proof-gen,Monolith,t2d-standard,t2d-standard-48,48,AMD Milan Zen 3,JOBS=1,1,cloud-bench-run TARGET=prover-t2d-standard-48 SHAPE=t2d-standard-48 JOBS=1,235.1,235.1,235.1,2351,2351
172,Monolithic v0.0.1,v0.0.1-single-vm-proof-gen,Monolith,t2d-standard,t2d-standard-48,48,AMD Milan Zen 3,JOBS=2,2,cloud-bench-run TARGET=prover-t2d-standard-48 SHAPE=t2d-standard-48 JOBS=2,235.1,235.1,235.1,2351,1176
173,Monolithic v0.0.1,v0.0.1-single-vm-proof-gen,Monolith,t2d-standard,t2d-standard-48,48,AMD Milan Zen 3,JOBS=3,3,cloud-bench-run TARGET=prover-t2d-standard-48 SHAPE=t2d-standard-48 JOBS=3,235.1,235.1,235.1,2351,784
174,Monolithic v0.0.1,v0.0.1-single-vm-proof-gen,Monolith,t2d-standard,t2d-standard-48,48,AMD Milan Zen 3,JOBS=4,4,cloud-bench-run TARGET=prover-t2d-standard-48 SHAPE=t2d-standard-48 JOBS=4,235.1,235.1,235.1,2351,588
175,Monolithic v0.0.1,v0.0.1-single-vm-proof-gen,Monolith,t2d-standard,t2d-standard-48,48,AMD Milan Zen 3,JOBS=5,5,cloud-bench-run TARGET=prover-t2d-standard-48 SHAPE=t2d-standard-48 JOBS=5,235.1,235.1,235.1,2351,471
176,Monolithic v0.0.1,v0.0.1-single-vm-proof-gen,Monolith,t2d-standard,t2d-standard-48,48,AMD Milan Zen 3,JOBS=6,6,cloud-bench-run TARGET=prover-t2d-standard-48 SHAPE=t2d-standard-48 JOBS=6,235.1,235.1,235.1,2351,392
177,Monolithic v0.0.1,v0.0.1-single-vm-proof-gen,Monolith,t2d-standard,t2d-standard-48,48,AMD Milan Zen 3,JOBS=7,7,cloud-bench-run TARGET=prover-t2d-standard-48 SHAPE=t2d-standard-48 JOBS=7,235.1,235.1,235.1,2351,336
178,Monolithic v0.0.1,v0.0.1-single-vm-proof-gen,Monolith,t2d-standard,t2d-standard-48,48,AMD Milan Zen 3,JOBS=8,8,cloud-bench-run TARGET=prover-t2d-standard-48 SHAPE=t2d-standard-48 JOBS=8,235.1,235.1,235.1,2351,294
179,Monolithic v0.0.1,v0.0.1-single-vm-proof-gen,Monolith,t2d-standard,t2d-standard-48,48,AMD Milan Zen 3,JOBS=9,9,cloud-bench-run TARGET=prover-t2d-standard-48 SHAPE=t2d-standard-48 JOBS=9,235.1,235.1,235.1,2351,262
180,Monolithic v0.0.1,v0.0.1-single-vm-proof-gen,Monolith,t2d-standard,t2d-standard-48,48,AMD Milan Zen 3,JOBS=10,10,cloud-bench-run TARGET=prover-t2d-standard-48 SHAPE=t2d-standard-48 JOBS=10,235.1,235.1,235.1,2351,236
181,Monolithic v0.0.1,v0.0.1-single-vm-proof-gen,Monolith,t2d-standard,t2d-standard-60,60,AMD Milan Zen 3,JOBS=1,1,cloud-bench-run TARGET=prover-t2d-standard-60 SHAPE=t2d-standard-60 JOBS=1,190.036,190.036,190.036,1901,1901
182,Monolithic v0.0.1,v0.0.1-single-vm-proof-gen,Monolith,t2d-standard,t2d-standard-60,60,AMD Milan Zen 3,JOBS=2,2,cloud-bench-run TARGET=prover-t2d-standard-60 SHAPE=t2d-standard-60 JOBS=2,190.036,190.036,190.036,1901,951
183,Monolithic v0.0.1,v0.0.1-single-vm-proof-gen,Monolith,t2d-standard,t2d-standard-60,60,AMD Milan Zen 3,JOBS=3,3,cloud-bench-run TARGET=prover-t2d-standard-60 SHAPE=t2d-standard-60 JOBS=3,190.036,190.036,190.036,1901,634
184,Monolithic v0.0.1,v0.0.1-single-vm-proof-gen,Monolith,t2d-standard,t2d-standard-60,60,AMD Milan Zen 3,JOBS=4,4,cloud-bench-run TARGET=prover-t2d-standard-60 SHAPE=t2d-standard-60 JOBS=4,190.036,190.036,190.036,1901,476
185,Monolithic v0.0.1,v0.0.1-single-vm-proof-gen,Monolith,t2d-standard,t2d-standard-60,60,AMD Milan Zen 3,JOBS=5,5,cloud-bench-run TARGET=prover-t2d-standard-60 SHAPE=t2d-standard-60 JOBS=5,190.036,190.036,190.036,1901,381
186,Monolithic v0.0.1,v0.0.1-single-vm-proof-gen,Monolith,t2d-standard,t2d-standard-60,60,AMD Milan Zen 3,JOBS=6,6,cloud-bench-run TARGET=prover-t2d-standard-60 SHAPE=t2d-standard-60 JOBS=6,190.036,190.036,190.036,1901,317
187,Monolithic v0.0.1,v0.0.1-single-vm-proof-gen,Monolith,t2d-standard,t2d-standard-60,60,AMD Milan Zen 3,JOBS=7,7,cloud-bench-run TARGET=prover-t2d-standard-60 SHAPE=t2d-standard-60 JOBS=7,190.036,190.036,190.036,1901,272
188,Monolithic v0.0.1,v0.0.1-single-vm-proof-gen,Monolith,t2d-standard,t2d-standard-60,60,AMD Milan Zen 3,JOBS=8,8,cloud-bench-run TARGET=prover-t2d-standard-60 SHAPE=t2d-standard-60 JOBS=8,190.036,190.036,190.036,1901,238
189,Monolithic v0.0.1,v0.0.1-single-vm-proof-gen,Monolith,t2d-standard,t2d-standard-60,60,AMD Milan Zen 3,JOBS=9,9,cloud-bench-run TARGET=prover-t2d-standard-60 SHAPE=t2d-standard-60 JOBS=9,190.036,190.036,190.036,1901,212
190,Monolithic v0.0.1,v0.0.1-single-vm-proof-gen,Monolith,t2d-standard,t2d-standard-60,60,AMD Milan Zen 3,JOBS=10,10,cloud-bench-run TARGET=prover-t2d-standard-60 SHAPE=t2d-standard-60 JOBS=10,190.036,190.036,190.036,1901,191
191,Dynamic Monolithic v0.0.2,v0.0.2,Monolith,c4a-highcpu,c4a-highcpu-16,16,ARM64 Neoverse V2,JOBS=1,1,cloud-bench-run TARGET=prover-c4a-highcpu-16 SHAPE=c4a-highcpu-16 JOBS=1,520.12,520.12,520.12,5202,5202
192,Dynamic Monolithic v0.0.2,v0.0.2,Monolith,c4a-highcpu,c4a-highcpu-16,16,ARM64 Neoverse V2,JOBS=2,2,cloud-bench-run TARGET=prover-c4a-highcpu-16 SHAPE=c4a-highcpu-16 JOBS=2,520.12,520.12,520.12,5202,2601
193,Dynamic Monolithic v0.0.2,v0.0.2,Monolith,c4a-highcpu,c4a-highcpu-16,16,ARM64 Neoverse V2,JOBS=3,3,cloud-bench-run TARGET=prover-c4a-highcpu-16 SHAPE=c4a-highcpu-16 JOBS=3,520.12,520.12,520.12,5202,1734
194,Dynamic Monolithic v0.0.2,v0.0.2,Monolith,c4a-highcpu,c4a-highcpu-16,16,ARM64 Neoverse V2,JOBS=4,4,cloud-bench-run TARGET=prover-c4a-highcpu-16 SHAPE=c4a-highcpu-16 JOBS=4,520.12,520.12,520.12,5202,1301
195,Dynamic Monolithic v0.0.2,v0.0.2,Monolith,c4a-highcpu,c4a-highcpu-16,16,ARM64 Neoverse V2,JOBS=5,5,cloud-bench-run TARGET=prover-c4a-highcpu-16 SHAPE=c4a-highcpu-16 JOBS=5,520.12,520.12,520.12,5202,1041
196,Dynamic Monolithic v0.0.2,v0.0.2,Monolith,c4a-highcpu,c4a-highcpu-16,16,ARM64 Neoverse V2,JOBS=6,6,cloud-bench-run TARGET=prover-c4a-highcpu-16 SHAPE=c4a-highcpu-16 JOBS=6,520.12,520.12,520.12,5202,867
197,Dynamic Monolithic v0.0.2,v0.0.2,Monolith,c4a-highcpu,c4a-highcpu-16,16,ARM64 Neoverse V2,JOBS=7,7,cloud-bench-run TARGET=prover-c4a-highcpu-16 SHAPE=c4a-highcpu-16 JOBS=7,520.12,520.12,520.12,5202,744
198,Dynamic Monolithic v0.0.2,v0.0.2,Monolith,c4a-highcpu,c4a-highcpu-16,16,ARM64 Neoverse V2,JOBS=8,8,cloud-bench-run TARGET=prover-c4a-highcpu-16 SHAPE=c4a-highcpu-16 JOBS=8,520.12,520.12,520.12,5202,651
199,Dynamic Monolithic v0.0.2,v0.0.2,Monolith,c4a-highcpu,c4a-highcpu-16,16,ARM64 Neoverse V2,JOBS=9,9,cloud-bench-run TARGET=prover-c4a-highcpu-16 SHAPE=c4a-highcpu-16 JOBS=9,520.12,520.12,520.12,5202,578
200,Dynamic Monolithic v0.0.2,v0.0.2,Monolith,c4a-highcpu,c4a-highcpu-16,16,ARM64 Neoverse V2,JOBS=10,10,cloud-bench-run TARGET=prover-c4a-highcpu-16 SHAPE=c4a-highcpu-16 JOBS=10,520.12,520.12,520.12,5202,521
201,Dynamic Monolithic v0.0.2,v0.0.2,Monolith,c4a-highcpu,c4a-highcpu-32,32,ARM64 Neoverse V2,JOBS=1,1,cloud-bench-run TARGET=prover-c4a-highcpu-32 SHAPE=c4a-highcpu-32 JOBS=1,280.115,280.115,280.115,2802,2802
202,Dynamic Monolithic v0.0.2,v0.0.2,Monolith,c4a-highcpu,c4a-highcpu-32,32,ARM64 Neoverse V2,JOBS=2,2,cloud-bench-run TARGET=prover-c4a-highcpu-32 SHAPE=c4a-highcpu-32 JOBS=2,280.115,280.115,280.115,2802,1401
203,Dynamic Monolithic v0.0.2,v0.0.2,Monolith,c4a-highcpu,c4a-highcpu-32,32,ARM64 Neoverse V2,JOBS=3,3,cloud-bench-run TARGET=prover-c4a-highcpu-32 SHAPE=c4a-highcpu-32 JOBS=3,280.115,280.115,280.115,2802,934
204,Dynamic Monolithic v0.0.2,v0.0.2,Monolith,c4a-highcpu,c4a-highcpu-32,32,ARM64 Neoverse V2,JOBS=4,4,cloud-bench-run TARGET=prover-c4a-highcpu-32 SHAPE=c4a-highcpu-32 JOBS=4,280.115,280.115,280.115,2802,701
205,Dynamic Monolithic v0.0.2,v0.0.2,Monolith,c4a-highcpu,c4a-highcpu-32,32,ARM64 Neoverse V2,JOBS=5,5,cloud-bench-run TARGET=prover-c4a-highcpu-32 SHAPE=c4a-highcpu-32 JOBS=5,280.115,280.115,280.115,2802,561
206,Dynamic Monolithic v0.0.2,v0.0.2,Monolith,c4a-highcpu,c4a-highcpu-32,32,ARM64 Neoverse V2,JOBS=6,6,cloud-bench-run TARGET=prover-c4a-highcpu-32 SHAPE=c4a-highcpu-32 JOBS=6,280.115,280.115,280.115,2802,467
207,Dynamic Monolithic v0.0.2,v0.0.2,Monolith,c4a-highcpu,c4a-highcpu-32,32,ARM64 Neoverse V2,JOBS=7,7,cloud-bench-run TARGET=prover-c4a-highcpu-32 SHAPE=c4a-highcpu-32 JOBS=7,280.115,280.115,280.115,2802,401
208,Dynamic Monolithic v0.0.2,v0.0.2,Monolith,c4a-highcpu,c4a-highcpu-32,32,ARM64 Neoverse V2,JOBS=8,8,cloud-bench-run TARGET=prover-c4a-highcpu-32 SHAPE=c4a-highcpu-32 JOBS=8,280.115,280.115,280.115,2802,351
209,Dynamic Monolithic v0.0.2,v0.0.2,Monolith,c4a-highcpu,c4a-highcpu-32,32,ARM64 Neoverse V2,JOBS=9,9,cloud-bench-run TARGET=prover-c4a-highcpu-32 SHAPE=c4a-highcpu-32 JOBS=9,280.115,280.115,280.115,2802,312
210,Dynamic Monolithic v0.0.2,v0.0.2,Monolith,c4a-highcpu,c4a-highcpu-32,32,ARM64 Neoverse V2,JOBS=10,10,cloud-bench-run TARGET=prover-c4a-highcpu-32 SHAPE=c4a-highcpu-32 JOBS=10,280.115,280.115,280.115,2802,281
211,Dynamic Monolithic v0.0.2,v0.0.2,Monolith,c4a-highcpu,c4a-highcpu-48,48,ARM64 Neoverse V2,JOBS=1,1,cloud-bench-run TARGET=prover-c4a-highcpu-48 SHAPE=c4a-highcpu-48 JOBS=1,210.05,210.05,210.05,2101,2101
212,Dynamic Monolithic v0.0.2,v0.0.2,Monolith,c4a-highcpu,c4a-highcpu-48,48,ARM64 Neoverse V2,JOBS=2,2,cloud-bench-run TARGET=prover-c4a-highcpu-48 SHAPE=c4a-highcpu-48 JOBS=2,210.05,210.05,210.05,2101,1051
213,Dynamic Monolithic v0.0.2,v0.0.2,Monolith,c4a-highcpu,c4a-highcpu-48,48,ARM64 Neoverse V2,JOBS=3,3,cloud-bench-run TARGET=prover-c4a-highcpu-48 SHAPE=c4a-highcpu-48 JOBS=3,210.05,210.05,210.05,2101,701
214,Dynamic Monolithic v0.0.2,v0.0.2,Monolith,c4a-highcpu,c4a-highcpu-48,48,ARM64 Neoverse V2,JOBS=4,4,cloud-bench-run TARGET=prover-c4a-highcpu-48 SHAPE=c4a-highcpu-48 JOBS=4,210.05,210.05,210.05,2101,526
215,Dynamic Monolithic v0.0.2,v0.0.2,Monolith,c4a-highcpu,c4a-highcpu-48,48,ARM64 Neoverse V2,JOBS=5,5,cloud-bench-run TARGET=prover-c4a-highcpu-48 SHAPE=c4a-highcpu-48 JOBS=5,210.05,210.05,210.05,2101,421
216,Dynamic Monolithic v0.0.2,v0.0.2,Monolith,c4a-highcpu,c4a-highcpu-48,48,ARM64 Neoverse V2,JOBS=6,6,cloud-bench-run TARGET=prover-c4a-highcpu-48 SHAPE=c4a-highcpu-48 JOBS=6,210.05,210.05,210.05,2101,351
217,Dynamic Monolithic v0.0.2,v0.0.2,Monolith,c4a-highcpu,c4a-highcpu-48,48,ARM64 Neoverse V2,JOBS=7,7,cloud-bench-run TARGET=prover-c4a-highcpu-48 SHAPE=c4a-highcpu-48 JOBS=7,210.05,210.05,210.05,2101,301
218,Dynamic Monolithic v0.0.2,v0.0.2,Monolith,c4a-highcpu,c4a-highcpu-48,48,ARM64 Neoverse V2,JOBS=8,8,cloud-bench-run TARGET=prover-c4a-highcpu-48 SHAPE=c4a-highcpu-48 JOBS=8,210.05,210.05,210.05,2101,263
219,Dynamic Monolithic v0.0.2,v0.0.2,Monolith,c4a-highcpu,c4a-highcpu-48,48,ARM64 Neoverse V2,JOBS=9,9,cloud-bench-run TARGET=prover-c4a-highcpu-48 SHAPE=c4a-highcpu-48 JOBS=9,210.05,210.05,210.05,2101,234
220,Dynamic Monolithic v0.0.2,v0.0.2,Monolith,c4a-highcpu,c4a-highcpu-48,48,ARM64 Neoverse V2,JOBS=10,10,cloud-bench-run TARGET=prover-c4a-highcpu-48 SHAPE=c4a-highcpu-48 JOBS=10,210.05,210.05,210.05,2101,211
221,Dynamic Monolithic v0.0.2,v0.0.2,Monolith,c4a-highcpu,c4a-highcpu-64,64,ARM64 Neoverse V2,JOBS=1,1,cloud-bench-run TARGET=prover-c4a-highcpu-64 SHAPE=c4a-highcpu-64 JOBS=1,171.262,171.262,171.262,1713,1713
222,Dynamic Monolithic v0.0.2,v0.0.2,Monolith,c4a-highcpu,c4a-highcpu-64,64,ARM64 Neoverse V2,JOBS=2,2,cloud-bench-run TARGET=prover-c4a-highcpu-64 SHAPE=c4a-highcpu-64 JOBS=2,171.262,171.262,171.262,1713,857
223,Dynamic Monolithic v0.0.2,v0.0.2,Monolith,c4a-highcpu,c4a-highcpu-64,64,ARM64 Neoverse V2,JOBS=3,3,cloud-bench-run TARGET=prover-c4a-highcpu-64 SHAPE=c4a-highcpu-64 JOBS=3,171.262,171.262,171.262,1713,571
224,Dynamic Monolithic v0.0.2,v0.0.2,Monolith,c4a-highcpu,c4a-highcpu-64,64,ARM64 Neoverse V2,JOBS=4,4,cloud-bench-run TARGET=prover-c4a-highcpu-64 SHAPE=c4a-highcpu-64 JOBS=4,171.262,171.262,171.262,1713,429
225,Dynamic Monolithic v0.0.2,v0.0.2,Monolith,c4a-highcpu,c4a-highcpu-64,64,ARM64 Neoverse V2,JOBS=5,5,cloud-bench-run TARGET=prover-c4a-highcpu-64 SHAPE=c4a-highcpu-64 JOBS=5,171.262,171.262,171.262,1713,343
226,Dynamic Monolithic v0.0.2,v0.0.2,Monolith,c4a-highcpu,c4a-highcpu-64,64,ARM64 Neoverse V2,JOBS=6,6,cloud-bench-run TARGET=prover-c4a-highcpu-64 SHAPE=c4a-highcpu-64 JOBS=6,171.262,171.262,171.262,1713,286
227,Dynamic Monolithic v0.0.2,v0.0.2,Monolith,c4a-highcpu,c4a-highcpu-64,64,ARM64 Neoverse V2,JOBS=7,7,cloud-bench-run TARGET=prover-c4a-highcpu-64 SHAPE=c4a-highcpu-64 JOBS=7,171.262,171.262,171.262,1713,245
228,Dynamic Monolithic v0.0.2,v0.0.2,Monolith,c4a-highcpu,c4a-highcpu-64,64,ARM64 Neoverse V2,JOBS=8,8,cloud-bench-run TARGET=prover-c4a-highcpu-64 SHAPE=c4a-highcpu-64 JOBS=8,171.262,171.262,171.262,1713,215
229,Dynamic Monolithic v0.0.2,v0.0.2,Monolith,c4a-highcpu,c4a-highcpu-64,64,ARM64 Neoverse V2,JOBS=9,9,cloud-bench-run TARGET=prover-c4a-highcpu-64 SHAPE=c4a-highcpu-64 JOBS=9,171.262,171.262,171.262,1713,191
230,Dynamic Monolithic v0.0.2,v0.0.2,Monolith,c4a-highcpu,c4a-highcpu-64,64,ARM64 Neoverse V2,JOBS=10,10,cloud-bench-run TARGET=prover-c4a-highcpu-64 SHAPE=c4a-highcpu-64 JOBS=10,171.262,171.262,171.262,1713,172
231,Dynamic Monolithic v0.0.2,v0.0.2,Monolith,c4a-highcpu,c4a-highcpu-72,72,ARM64 Neoverse V2,JOBS=1,1,cloud-bench-run TARGET=prover-c4a-highcpu-72 SHAPE=c4a-highcpu-72 JOBS=1,160.05,160.05,160.05,1601,1601
232,Dynamic Monolithic v0.0.2,v0.0.2,Monolith,c4a-highcpu,c4a-highcpu-72,72,ARM64 Neoverse V2,JOBS=2,2,cloud-bench-run TARGET=prover-c4a-highcpu-72 SHAPE=c4a-highcpu-72 JOBS=2,160.05,160.05,160.05,1601,801
233,Dynamic Monolithic v0.0.2,v0.0.2,Monolith,c4a-highcpu,c4a-highcpu-72,72,ARM64 Neoverse V2,JOBS=3,3,cloud-bench-run TARGET=prover-c4a-highcpu-72 SHAPE=c4a-highcpu-72 JOBS=3,160.05,160.05,160.05,1601,534
234,Dynamic Monolithic v0.0.2,v0.0.2,Monolith,c4a-highcpu,c4a-highcpu-72,72,ARM64 Neoverse V2,JOBS=4,4,cloud-bench-run TARGET=prover-c4a-highcpu-72 SHAPE=c4a-highcpu-72 JOBS=4,160.05,160.05,160.05,1601,401
235,Dynamic Monolithic v0.0.2,v0.0.2,Monolith,c4a-highcpu,c4a-highcpu-72,72,ARM64 Neoverse V2,JOBS=5,5,cloud-bench-run TARGET=prover-c4a-highcpu-72 SHAPE=c4a-highcpu-72 JOBS=5,160.05,160.05,160.05,1601,321
236,Dynamic Monolithic v0.0.2,v0.0.2,Monolith,c4a-highcpu,c4a-highcpu-72,72,ARM64 Neoverse V2,JOBS=6,6,cloud-bench-run TARGET=prover-c4a-highcpu-72 SHAPE=c4a-highcpu-72 JOBS=6,160.05,160.05,160.05,1601,267
237,Dynamic Monolithic v0.0.2,v0.0.2,Monolith,c4a-highcpu,c4a-highcpu-72,72,ARM64 Neoverse V2,JOBS=7,7,cloud-bench-run TARGET=prover-c4a-highcpu-72 SHAPE=c4a-highcpu-72 JOBS=7,160.05,160.05,160.05,1601,229
238,Dynamic Monolithic v0.0.2,v0.0.2,Monolith,c4a-highcpu,c4a-highcpu-72,72,ARM64 Neoverse V2,JOBS=8,8,cloud-bench-run TARGET=prover-c4a-highcpu-72 SHAPE=c4a-highcpu-72 JOBS=8,160.05,160.05,160.05,1601,201
239,Dynamic Monolithic v0.0.2,v0.0.2,Monolith,c4a-highcpu,c4a-highcpu-72,72,ARM64 Neoverse V2,JOBS=9,9,cloud-bench-run TARGET=prover-c4a-highcpu-72 SHAPE=c4a-highcpu-72 JOBS=9,160.05,160.05,160.05,1601,178
240,Dynamic Monolithic v0.0.2,v0.0.2,Monolith,c4a-highcpu,c4a-highcpu-72,72,ARM64 Neoverse V2,JOBS=10,10,cloud-bench-run TARGET=prover-c4a-highcpu-72 SHAPE=c4a-highcpu-72 JOBS=10,160.05,160.05,160.05,1601,161
241,Dynamic Monolithic v0.0.2,v0.0.2,Monolith,c4d-highcpu,c4d-highcpu-16,16,AMD Turin Zen 5,JOBS=1,1,cloud-bench-run TARGET=prover-c4d-highcpu-16 SHAPE=c4d-highcpu-16 JOBS=1,250.1,250.1,250.1,2501,2501
242,Dynamic Monolithic v0.0.2,v0.0.2,Monolith,c4d-highcpu,c4d-highcpu-16,16,AMD Turin Zen 5,JOBS=2,2,cloud-bench-run TARGET=prover-c4d-highcpu-16 SHAPE=c4d-highcpu-16 JOBS=2,250.1,250.1,250.1,2501,1251
243,Dynamic Monolithic v0.0.2,v0.0.2,Monolith,c4d-highcpu,c4d-highcpu-16,16,AMD Turin Zen 5,JOBS=3,3,cloud-bench-run TARGET=prover-c4d-highcpu-16 SHAPE=c4d-highcpu-16 JOBS=3,250.1,250.1,250.1,2501,834
244,Dynamic Monolithic v0.0.2,v0.0.2,Monolith,c4d-highcpu,c4d-highcpu-16,16,AMD Turin Zen 5,JOBS=4,4,cloud-bench-run TARGET=prover-c4d-highcpu-16 SHAPE=c4d-highcpu-16 JOBS=4,250.1,250.1,250.1,2501,626
245,Dynamic Monolithic v0.0.2,v0.0.2,Monolith,c4d-highcpu,c4d-highcpu-16,16,AMD Turin Zen 5,JOBS=5,5,cloud-bench-run TARGET=prover-c4d-highcpu-16 SHAPE=c4d-highcpu-16 JOBS=5,250.1,250.1,250.1,2501,501
246,Dynamic Monolithic v0.0.2,v0.0.2,Monolith,c4d-highcpu,c4d-highcpu-16,16,AMD Turin Zen 5,JOBS=6,6,cloud-bench-run TARGET=prover-c4d-highcpu-16 SHAPE=c4d-highcpu-16 JOBS=6,250.1,250.1,250.1,2501,417
247,Dynamic Monolithic v0.0.2,v0.0.2,Monolith,c4d-highcpu,c4d-highcpu-16,16,AMD Turin Zen 5,JOBS=7,7,cloud-bench-run TARGET=prover-c4d-highcpu-16 SHAPE=c4d-highcpu-16 JOBS=7,250.1,250.1,250.1,2501,358
248,Dynamic Monolithic v0.0.2,v0.0.2,Monolith,c4d-highcpu,c4d-highcpu-16,16,AMD Turin Zen 5,JOBS=8,8,cloud-bench-run TARGET=prover-c4d-highcpu-16 SHAPE=c4d-highcpu-16 JOBS=8,250.1,250.1,250.1,2501,313
249,Dynamic Monolithic v0.0.2,v0.0.2,Monolith,c4d-highcpu,c4d-highcpu-16,16,AMD Turin Zen 5,JOBS=9,9,cloud-bench-run TARGET=prover-c4d-highcpu-16 SHAPE=c4d-highcpu-16 JOBS=9,250.1,250.1,250.1,2501,278
250,Dynamic Monolithic v0.0.2,v0.0.2,Monolith,c4d-highcpu,c4d-highcpu-16,16,AMD Turin Zen 5,JOBS=10,10,cloud-bench-run TARGET=prover-c4d-highcpu-16 SHAPE=c4d-highcpu-16 JOBS=10,250.1,250.1,250.1,2501,251
251,Dynamic Monolithic v0.0.2,v0.0.2,Monolith,c4d-highcpu,c4d-highcpu-32,32,AMD Turin Zen 5,JOBS=1,1,cloud-bench-run TARGET=prover-c4d-highcpu-32 SHAPE=c4d-highcpu-32 JOBS=1,135.05,135.05,135.05,1351,1351
252,Dynamic Monolithic v0.0.2,v0.0.2,Monolith,c4d-highcpu,c4d-highcpu-32,32,AMD Turin Zen 5,JOBS=2,2,cloud-bench-run TARGET=prover-c4d-highcpu-32 SHAPE=c4d-highcpu-32 JOBS=2,135.05,135.05,135.05,1351,676
253,Dynamic Monolithic v0.0.2,v0.0.2,Monolith,c4d-highcpu,c4d-highcpu-32,32,AMD Turin Zen 5,JOBS=3,3,cloud-bench-run TARGET=prover-c4d-highcpu-32 SHAPE=c4d-highcpu-32 JOBS=3,135.05,135.05,135.05,1351,451
254,Dynamic Monolithic v0.0.2,v0.0.2,Monolith,c4d-highcpu,c4d-highcpu-32,32,AMD Turin Zen 5,JOBS=4,4,cloud-bench-run TARGET=prover-c4d-highcpu-32 SHAPE=c4d-highcpu-32 JOBS=4,135.05,135.05,135.05,1351,338
255,Dynamic Monolithic v0.0.2,v0.0.2,Monolith,c4d-highcpu,c4d-highcpu-32,32,AMD Turin Zen 5,JOBS=5,5,cloud-bench-run TARGET=prover-c4d-highcpu-32 SHAPE=c4d-highcpu-32 JOBS=5,135.05,135.05,135.05,1351,271
256,Dynamic Monolithic v0.0.2,v0.0.2,Monolith,c4d-highcpu,c4d-highcpu-32,32,AMD Turin Zen 5,JOBS=6,6,cloud-bench-run TARGET=prover-c4d-highcpu-32 SHAPE=c4d-highcpu-32 JOBS=6,135.05,135.05,135.05,1351,226
257,Dynamic Monolithic v0.0.2,v0.0.2,Monolith,c4d-highcpu,c4d-highcpu-32,32,AMD Turin Zen 5,JOBS=7,7,cloud-bench-run TARGET=prover-c4d-highcpu-32 SHAPE=c4d-highcpu-32 JOBS=7,135.05,135.05,135.05,1351,193
258,Dynamic Monolithic v0.0.2,v0.0.2,Monolith,c4d-highcpu,c4d-highcpu-32,32,AMD Turin Zen 5,JOBS=8,8,cloud-bench-run TARGET=prover-c4d-highcpu-32 SHAPE=c4d-highcpu-32 JOBS=8,135.05,135.05,135.05,1351,169
259,Dynamic Monolithic v0.0.2,v0.0.2,Monolith,c4d-highcpu,c4d-highcpu-32,32,AMD Turin Zen 5,JOBS=9,9,cloud-bench-run TARGET=prover-c4d-highcpu-32 SHAPE=c4d-highcpu-32 JOBS=9,135.05,135.05,135.05,1351,151
260,Dynamic Monolithic v0.0.2,v0.0.2,Monolith,c4d-highcpu,c4d-highcpu-32,32,AMD Turin Zen 5,JOBS=10,10,cloud-bench-run TARGET=prover-c4d-highcpu-32 SHAPE=c4d-highcpu-32 JOBS=10,135.05,135.05,135.05,1351,136
261,Dynamic Monolithic v0.0.2,v0.0.2,Monolith,c4d-highcpu,c4d-highcpu-48,48,AMD Turin Zen 5,JOBS=1,1,cloud-bench-run TARGET=prover-c4d-highcpu-48 SHAPE=c4d-highcpu-48 JOBS=1,102.0,102.0,102.0,1020,1020
262,Dynamic Monolithic v0.0.2,v0.0.2,Monolith,c4d-highcpu,c4d-highcpu-48,48,AMD Turin Zen 5,JOBS=2,2,cloud-bench-run TARGET=prover-c4d-highcpu-48 SHAPE=c4d-highcpu-48 JOBS=2,102.0,102.0,102.0,1020,510
263,Dynamic Monolithic v0.0.2,v0.0.2,Monolith,c4d-highcpu,c4d-highcpu-48,48,AMD Turin Zen 5,JOBS=3,3,cloud-bench-run TARGET=prover-c4d-highcpu-48 SHAPE=c4d-highcpu-48 JOBS=3,102.0,102.0,102.0,1020,340
264,Dynamic Monolithic v0.0.2,v0.0.2,Monolith,c4d-highcpu,c4d-highcpu-48,48,AMD Turin Zen 5,JOBS=4,4,cloud-bench-run TARGET=prover-c4d-highcpu-48 SHAPE=c4d-highcpu-48 JOBS=4,102.0,102.0,102.0,1020,255
265,Dynamic Monolithic v0.0.2,v0.0.2,Monolith,c4d-highcpu,c4d-highcpu-48,48,AMD Turin Zen 5,JOBS=5,5,cloud-bench-run TARGET=prover-c4d-highcpu-48 SHAPE=c4d-highcpu-48 JOBS=5,102.0,102.0,102.0,1020,204
266,Dynamic Monolithic v0.0.2,v0.0.2,Monolith,c4d-highcpu,c4d-highcpu-48,48,AMD Turin Zen 5,JOBS=6,6,cloud-bench-run TARGET=prover-c4d-highcpu-48 SHAPE=c4d-highcpu-48 JOBS=6,102.0,102.0,102.0,1020,170
267,Dynamic Monolithic v0.0.2,v0.0.2,Monolith,c4d-highcpu,c4d-highcpu-48,48,AMD Turin Zen 5,JOBS=7,7,cloud-bench-run TARGET=prover-c4d-highcpu-48 SHAPE=c4d-highcpu-48 JOBS=7,102.0,102.0,102.0,1020,146
268,Dynamic Monolithic v0.0.2,v0.0.2,Monolith,c4d-highcpu,c4d-highcpu-48,48,AMD Turin Zen 5,JOBS=8,8,cloud-bench-run TARGET=prover-c4d-highcpu-48 SHAPE=c4d-highcpu-48 JOBS=8,102.0,102.0,102.0,1020,128
269,Dynamic Monolithic v0.0.2,v0.0.2,Monolith,c4d-highcpu,c4d-highcpu-48,48,AMD Turin Zen 5,JOBS=9,9,cloud-bench-run TARGET=prover-c4d-highcpu-48 SHAPE=c4d-highcpu-48 JOBS=9,102.0,102.0,102.0,1020,114
270,Dynamic Monolithic v0.0.2,v0.0.2,Monolith,c4d-highcpu,c4d-highcpu-48,48,AMD Turin Zen 5,JOBS=10,10,cloud-bench-run TARGET=prover-c4d-highcpu-48 SHAPE=c4d-highcpu-48 JOBS=10,102.0,102.0,102.0,1020,102
271,Dynamic Monolithic v0.0.2,v0.0.2,Monolith,c4d-highcpu,c4d-highcpu-64,64,AMD Turin Zen 5,JOBS=1,1,cloud-bench-run TARGET=prover-c4d-highcpu-64 SHAPE=c4d-highcpu-64 JOBS=1,81.37,81.37,81.37,814,814
272,Dynamic Monolithic v0.0.2,v0.0.2,Monolith,c4d-highcpu,c4d-highcpu-64,64,AMD Turin Zen 5,JOBS=2,2,cloud-bench-run TARGET=prover-c4d-highcpu-64 SHAPE=c4d-highcpu-64 JOBS=2,81.37,81.37,81.37,814,407
273,Dynamic Monolithic v0.0.2,v0.0.2,Monolith,c4d-highcpu,c4d-highcpu-64,64,AMD Turin Zen 5,JOBS=3,3,cloud-bench-run TARGET=prover-c4d-highcpu-64 SHAPE=c4d-highcpu-64 JOBS=3,81.37,81.37,81.37,814,272
274,Dynamic Monolithic v0.0.2,v0.0.2,Monolith,c4d-highcpu,c4d-highcpu-64,64,AMD Turin Zen 5,JOBS=4,4,cloud-bench-run TARGET=prover-c4d-highcpu-64 SHAPE=c4d-highcpu-64 JOBS=4,81.37,81.37,81.37,814,204
275,Dynamic Monolithic v0.0.2,v0.0.2,Monolith,c4d-highcpu,c4d-highcpu-64,64,AMD Turin Zen 5,JOBS=5,5,cloud-bench-run TARGET=prover-c4d-highcpu-64 SHAPE=c4d-highcpu-64 JOBS=5,81.37,81.37,81.37,814,163
276,Dynamic Monolithic v0.0.2,v0.0.2,Monolith,c4d-highcpu,c4d-highcpu-64,64,AMD Turin Zen 5,JOBS=6,6,cloud-bench-run TARGET=prover-c4d-highcpu-64 SHAPE=c4d-highcpu-64 JOBS=6,81.37,81.37,81.37,814,136
277,Dynamic Monolithic v0.0.2,v0.0.2,Monolith,c4d-highcpu,c4d-highcpu-64,64,AMD Turin Zen 5,JOBS=7,7,cloud-bench-run TARGET=prover-c4d-highcpu-64 SHAPE=c4d-highcpu-64 JOBS=7,81.37,81.37,81.37,814,117
278,Dynamic Monolithic v0.0.2,v0.0.2,Monolith,c4d-highcpu,c4d-highcpu-64,64,AMD Turin Zen 5,JOBS=8,8,cloud-bench-run TARGET=prover-c4d-highcpu-64 SHAPE=c4d-highcpu-64 JOBS=8,81.37,81.37,81.37,814,102
279,Dynamic Monolithic v0.0.2,v0.0.2,Monolith,c4d-highcpu,c4d-highcpu-64,64,AMD Turin Zen 5,JOBS=9,9,cloud-bench-run TARGET=prover-c4d-highcpu-64 SHAPE=c4d-highcpu-64 JOBS=9,81.37,81.37,81.37,814,91
280,Dynamic Monolithic v0.0.2,v0.0.2,Monolith,c4d-highcpu,c4d-highcpu-64,64,AMD Turin Zen 5,JOBS=10,10,cloud-bench-run TARGET=prover-c4d-highcpu-64 SHAPE=c4d-highcpu-64 JOBS=10,81.37,81.37,81.37,814,82
281,Dynamic Monolithic v0.0.2,v0.0.2,Monolith,c4d-highcpu,c4d-highcpu-96,96,AMD Turin Zen 5,JOBS=1,1,cloud-bench-run TARGET=prover-c4d-highcpu-96 SHAPE=c4d-highcpu-96 JOBS=1,58.9,58.9,58.9,589,589
282,Dynamic Monolithic v0.0.2,v0.0.2,Monolith,c4d-highcpu,c4d-highcpu-96,96,AMD Turin Zen 5,JOBS=2,2,cloud-bench-run TARGET=prover-c4d-highcpu-96 SHAPE=c4d-highcpu-96 JOBS=2,58.9,58.9,58.9,589,295
283,Dynamic Monolithic v0.0.2,v0.0.2,Monolith,c4d-highcpu,c4d-highcpu-96,96,AMD Turin Zen 5,JOBS=3,3,cloud-bench-run TARGET=prover-c4d-highcpu-96 SHAPE=c4d-highcpu-96 JOBS=3,58.9,58.9,58.9,589,197
284,Dynamic Monolithic v0.0.2,v0.0.2,Monolith,c4d-highcpu,c4d-highcpu-96,96,AMD Turin Zen 5,JOBS=4,4,cloud-bench-run TARGET=prover-c4d-highcpu-96 SHAPE=c4d-highcpu-96 JOBS=4,58.9,58.9,58.9,589,148
285,Dynamic Monolithic v0.0.2,v0.0.2,Monolith,c4d-highcpu,c4d-highcpu-96,96,AMD Turin Zen 5,JOBS=5,5,cloud-bench-run TARGET=prover-c4d-highcpu-96 SHAPE=c4d-highcpu-96 JOBS=5,58.9,58.9,58.9,589,118
286,Dynamic Monolithic v0.0.2,v0.0.2,Monolith,c4d-highcpu,c4d-highcpu-96,96,AMD Turin Zen 5,JOBS=6,6,cloud-bench-run TARGET=prover-c4d-highcpu-96 SHAPE=c4d-highcpu-96 JOBS=6,58.9,58.9,58.9,589,99
287,Dynamic Monolithic v0.0.2,v0.0.2,Monolith,c4d-highcpu,c4d-highcpu-96,96,AMD Turin Zen 5,JOBS=7,7,cloud-bench-run TARGET=prover-c4d-highcpu-96 SHAPE=c4d-highcpu-96 JOBS=7,58.9,58.9,58.9,589,85
288,Dynamic Monolithic v0.0.2,v0.0.2,Monolith,c4d-highcpu,c4d-highcpu-96,96,AMD Turin Zen 5,JOBS=8,8,cloud-bench-run TARGET=prover-c4d-highcpu-96 SHAPE=c4d-highcpu-96 JOBS=8,58.9,58.9,58.9,589,74
289,Dynamic Monolithic v0.0.2,v0.0.2,Monolith,c4d-highcpu,c4d-highcpu-96,96,AMD Turin Zen 5,JOBS=9,9,cloud-bench-run TARGET=prover-c4d-highcpu-96 SHAPE=c4d-highcpu-96 JOBS=9,58.9,58.9,58.9,589,66
290,Dynamic Monolithic v0.0.2,v0.0.2,Monolith,c4d-highcpu,c4d-highcpu-96,96,AMD Turin Zen 5,JOBS=10,10,cloud-bench-run TARGET=prover-c4d-highcpu-96 SHAPE=c4d-highcpu-96 JOBS=10,58.9,58.9,58.9,589,59
291,Dynamic Monolithic v0.0.2,v0.0.2,Monolith,c3d-highcpu,c3d-highcpu-16,16,AMD Genoa Zen 4,JOBS=1,1,cloud-bench-run TARGET=prover-c3d-highcpu-16 SHAPE=c3d-highcpu-16 JOBS=1,360.1,360.1,360.1,3601,3601
292,Dynamic Monolithic v0.0.2,v0.0.2,Monolith,c3d-highcpu,c3d-highcpu-16,16,AMD Genoa Zen 4,JOBS=2,2,cloud-bench-run TARGET=prover-c3d-highcpu-16 SHAPE=c3d-highcpu-16 JOBS=2,360.1,360.1,360.1,3601,1801
293,Dynamic Monolithic v0.0.2,v0.0.2,Monolith,c3d-highcpu,c3d-highcpu-16,16,AMD Genoa Zen 4,JOBS=3,3,cloud-bench-run TARGET=prover-c3d-highcpu-16 SHAPE=c3d-highcpu-16 JOBS=3,360.1,360.1,360.1,3601,1201
294,Dynamic Monolithic v0.0.2,v0.0.2,Monolith,c3d-highcpu,c3d-highcpu-16,16,AMD Genoa Zen 4,JOBS=4,4,cloud-bench-run TARGET=prover-c3d-highcpu-16 SHAPE=c3d-highcpu-16 JOBS=4,360.1,360.1,360.1,3601,901
295,Dynamic Monolithic v0.0.2,v0.0.2,Monolith,c3d-highcpu,c3d-highcpu-16,16,AMD Genoa Zen 4,JOBS=5,5,cloud-bench-run TARGET=prover-c3d-highcpu-16 SHAPE=c3d-highcpu-16 JOBS=5,360.1,360.1,360.1,3601,721
296,Dynamic Monolithic v0.0.2,v0.0.2,Monolith,c3d-highcpu,c3d-highcpu-16,16,AMD Genoa Zen 4,JOBS=6,6,cloud-bench-run TARGET=prover-c3d-highcpu-16 SHAPE=c3d-highcpu-16 JOBS=6,360.1,360.1,360.1,3601,601
297,Dynamic Monolithic v0.0.2,v0.0.2,Monolith,c3d-highcpu,c3d-highcpu-16,16,AMD Genoa Zen 4,JOBS=7,7,cloud-bench-run TARGET=prover-c3d-highcpu-16 SHAPE=c3d-highcpu-16 JOBS=7,360.1,360.1,360.1,3601,515
298,Dynamic Monolithic v0.0.2,v0.0.2,Monolith,c3d-highcpu,c3d-highcpu-16,16,AMD Genoa Zen 4,JOBS=8,8,cloud-bench-run TARGET=prover-c3d-highcpu-16 SHAPE=c3d-highcpu-16 JOBS=8,360.1,360.1,360.1,3601,451
299,Dynamic Monolithic v0.0.2,v0.0.2,Monolith,c3d-highcpu,c3d-highcpu-16,16,AMD Genoa Zen 4,JOBS=9,9,cloud-bench-run TARGET=prover-c3d-highcpu-16 SHAPE=c3d-highcpu-16 JOBS=9,360.1,360.1,360.1,3601,401
300,Dynamic Monolithic v0.0.2,v0.0.2,Monolith,c3d-highcpu,c3d-highcpu-16,16,AMD Genoa Zen 4,JOBS=10,10,cloud-bench-run TARGET=prover-c3d-highcpu-16 SHAPE=c3d-highcpu-16 JOBS=10,360.1,360.1,360.1,3601,361
301,Dynamic Monolithic v0.0.2,v0.0.2,Monolith,c3d-highcpu,c3d-highcpu-30,30,AMD Genoa Zen 4,JOBS=1,1,cloud-bench-run TARGET=prover-c3d-highcpu-30 SHAPE=c3d-highcpu-30 JOBS=1,214.877,214.877,214.877,2149,2149
302,Dynamic Monolithic v0.0.2,v0.0.2,Monolith,c3d-highcpu,c3d-highcpu-30,30,AMD Genoa Zen 4,JOBS=2,2,cloud-bench-run TARGET=prover-c3d-highcpu-30 SHAPE=c3d-highcpu-30 JOBS=2,218.538,219.852,219.195,2192,1096
303,Dynamic Monolithic v0.0.2,v0.0.2,Monolith,c3d-highcpu,c3d-highcpu-30,30,AMD Genoa Zen 4,JOBS=3,3,cloud-bench-run TARGET=prover-c3d-highcpu-30 SHAPE=c3d-highcpu-30 JOBS=3,221.323,222.804,222.014,2221,741
304,Dynamic Monolithic v0.0.2,v0.0.2,Monolith,c3d-highcpu,c3d-highcpu-30,30,AMD Genoa Zen 4,JOBS=4,4,cloud-bench-run TARGET=prover-c3d-highcpu-30 SHAPE=c3d-highcpu-30 JOBS=4,224.772,226.35,225.561,2256,564
305,Dynamic Monolithic v0.0.2,v0.0.2,Monolith,c3d-highcpu,c3d-highcpu-30,30,AMD Genoa Zen 4,JOBS=5,5,cloud-bench-run TARGET=prover-c3d-highcpu-30 SHAPE=c3d-highcpu-30 JOBS=5,227.769,229.416,228.574,2286,458
306,Dynamic Monolithic v0.0.2,v0.0.2,Monolith,c3d-highcpu,c3d-highcpu-30,30,AMD Genoa Zen 4,JOBS=6,6,cloud-bench-run TARGET=prover-c3d-highcpu-30 SHAPE=c3d-highcpu-30 JOBS=6,231.147,232.848,231.997,2320,387
307,Dynamic Monolithic v0.0.2,v0.0.2,Monolith,c3d-highcpu,c3d-highcpu-30,30,AMD Genoa Zen 4,JOBS=7,7,cloud-bench-run TARGET=prover-c3d-highcpu-30 SHAPE=c3d-highcpu-30 JOBS=7,234.216,235.962,235.079,2351,336
308,Dynamic Monolithic v0.0.2,v0.0.2,Monolith,c3d-highcpu,c3d-highcpu-30,30,AMD Genoa Zen 4,JOBS=8,8,cloud-bench-run TARGET=prover-c3d-highcpu-30 SHAPE=c3d-highcpu-30 JOBS=8,237.558,239.346,238.452,2385,299
309,Dynamic Monolithic v0.0.2,v0.0.2,Monolith,c3d-highcpu,c3d-highcpu-30,30,AMD Genoa Zen 4,JOBS=9,9,cloud-bench-run TARGET=prover-c3d-highcpu-30 SHAPE=c3d-highcpu-30 JOBS=9,240.662,242.487,241.569,2416,269
310,Dynamic Monolithic v0.0.2,v0.0.2,Monolith,c3d-highcpu,c3d-highcpu-30,30,AMD Genoa Zen 4,JOBS=10,10,cloud-bench-run TARGET=prover-c3d-highcpu-30 SHAPE=c3d-highcpu-30 JOBS=10,243.983,245.844,244.913,2450,245
311,Dynamic Monolithic v0.0.2,v0.0.2,Monolith,c3d-highcpu,c3d-highcpu-60,60,AMD Genoa Zen 4,JOBS=1,1,cloud-bench-run TARGET=prover-c3d-highcpu-60 SHAPE=c3d-highcpu-60 JOBS=1,118.043,118.043,118.043,1181,1181
312,Dynamic Monolithic v0.0.2,v0.0.2,Monolith,c3d-highcpu,c3d-highcpu-60,60,AMD Genoa Zen 4,JOBS=2,2,cloud-bench-run TARGET=prover-c3d-highcpu-60 SHAPE=c3d-highcpu-60 JOBS=2,118.043,118.043,118.043,1181,591
313,Dynamic Monolithic v0.0.2,v0.0.2,Monolith,c3d-highcpu,c3d-highcpu-60,60,AMD Genoa Zen 4,JOBS=3,3,cloud-bench-run TARGET=prover-c3d-highcpu-60 SHAPE=c3d-highcpu-60 JOBS=3,118.043,118.043,118.043,1181,394
314,Dynamic Monolithic v0.0.2,v0.0.2,Monolith,c3d-highcpu,c3d-highcpu-60,60,AMD Genoa Zen 4,JOBS=4,4,cloud-bench-run TARGET=prover-c3d-highcpu-60 SHAPE=c3d-highcpu-60 JOBS=4,118.043,118.043,118.043,1181,296
315,Dynamic Monolithic v0.0.2,v0.0.2,Monolith,c3d-highcpu,c3d-highcpu-60,60,AMD Genoa Zen 4,JOBS=5,5,cloud-bench-run TARGET=prover-c3d-highcpu-60 SHAPE=c3d-highcpu-60 JOBS=5,118.043,118.043,118.043,1181,237
316,Dynamic Monolithic v0.0.2,v0.0.2,Monolith,c3d-highcpu,c3d-highcpu-60,60,AMD Genoa Zen 4,JOBS=6,6,cloud-bench-run TARGET=prover-c3d-highcpu-60 SHAPE=c3d-highcpu-60 JOBS=6,118.043,118.043,118.043,1181,197
317,Dynamic Monolithic v0.0.2,v0.0.2,Monolith,c3d-highcpu,c3d-highcpu-60,60,AMD Genoa Zen 4,JOBS=7,7,cloud-bench-run TARGET=prover-c3d-highcpu-60 SHAPE=c3d-highcpu-60 JOBS=7,118.043,118.043,118.043,1181,169
318,Dynamic Monolithic v0.0.2,v0.0.2,Monolith,c3d-highcpu,c3d-highcpu-60,60,AMD Genoa Zen 4,JOBS=8,8,cloud-bench-run TARGET=prover-c3d-highcpu-60 SHAPE=c3d-highcpu-60 JOBS=8,118.043,118.043,118.043,1181,148
319,Dynamic Monolithic v0.0.2,v0.0.2,Monolith,c3d-highcpu,c3d-highcpu-60,60,AMD Genoa Zen 4,JOBS=9,9,cloud-bench-run TARGET=prover-c3d-highcpu-60 SHAPE=c3d-highcpu-60 JOBS=9,118.043,118.043,118.043,1181,132
320,Dynamic Monolithic v0.0.2,v0.0.2,Monolith,c3d-highcpu,c3d-highcpu-60,60,AMD Genoa Zen 4,JOBS=10,10,cloud-bench-run TARGET=prover-c3d-highcpu-60 SHAPE=c3d-highcpu-60 JOBS=10,118.043,118.043,118.043,1181,119
321,Dynamic Monolithic v0.0.2,v0.0.2,Monolith,c3d-highcpu,c3d-highcpu-90,90,AMD Genoa Zen 4,JOBS=1,1,cloud-bench-run TARGET=prover-c3d-highcpu-90 SHAPE=c3d-highcpu-90 JOBS=1,85.2,85.2,85.2,852,852
322,Dynamic Monolithic v0.0.2,v0.0.2,Monolith,c3d-highcpu,c3d-highcpu-90,90,AMD Genoa Zen 4,JOBS=2,2,cloud-bench-run TARGET=prover-c3d-highcpu-90 SHAPE=c3d-highcpu-90 JOBS=2,85.2,85.2,85.2,852,426
323,Dynamic Monolithic v0.0.2,v0.0.2,Monolith,c3d-highcpu,c3d-highcpu-90,90,AMD Genoa Zen 4,JOBS=3,3,cloud-bench-run TARGET=prover-c3d-highcpu-90 SHAPE=c3d-highcpu-90 JOBS=3,85.2,85.2,85.2,852,284
324,Dynamic Monolithic v0.0.2,v0.0.2,Monolith,c3d-highcpu,c3d-highcpu-90,90,AMD Genoa Zen 4,JOBS=4,4,cloud-bench-run TARGET=prover-c3d-highcpu-90 SHAPE=c3d-highcpu-90 JOBS=4,85.2,85.2,85.2,852,213
325,Dynamic Monolithic v0.0.2,v0.0.2,Monolith,c3d-highcpu,c3d-highcpu-90,90,AMD Genoa Zen 4,JOBS=5,5,cloud-bench-run TARGET=prover-c3d-highcpu-90 SHAPE=c3d-highcpu-90 JOBS=5,85.2,85.2,85.2,852,171
326,Dynamic Monolithic v0.0.2,v0.0.2,Monolith,c3d-highcpu,c3d-highcpu-90,90,AMD Genoa Zen 4,JOBS=6,6,cloud-bench-run TARGET=prover-c3d-highcpu-90 SHAPE=c3d-highcpu-90 JOBS=6,85.2,85.2,85.2,852,142
327,Dynamic Monolithic v0.0.2,v0.0.2,Monolith,c3d-highcpu,c3d-highcpu-90,90,AMD Genoa Zen 4,JOBS=7,7,cloud-bench-run TARGET=prover-c3d-highcpu-90 SHAPE=c3d-highcpu-90 JOBS=7,85.2,85.2,85.2,852,122
328,Dynamic Monolithic v0.0.2,v0.0.2,Monolith,c3d-highcpu,c3d-highcpu-90,90,AMD Genoa Zen 4,JOBS=8,8,cloud-bench-run TARGET=prover-c3d-highcpu-90 SHAPE=c3d-highcpu-90 JOBS=8,85.2,85.2,85.2,852,107
329,Dynamic Monolithic v0.0.2,v0.0.2,Monolith,c3d-highcpu,c3d-highcpu-90,90,AMD Genoa Zen 4,JOBS=9,9,cloud-bench-run TARGET=prover-c3d-highcpu-90 SHAPE=c3d-highcpu-90 JOBS=9,85.2,85.2,85.2,852,95
330,Dynamic Monolithic v0.0.2,v0.0.2,Monolith,c3d-highcpu,c3d-highcpu-90,90,AMD Genoa Zen 4,JOBS=10,10,cloud-bench-run TARGET=prover-c3d-highcpu-90 SHAPE=c3d-highcpu-90 JOBS=10,85.2,85.2,85.2,852,86
331,Dynamic Monolithic v0.0.2,v0.0.2,Monolith,c3d-highcpu,c3d-highcpu-180,180,AMD Genoa Zen 4,JOBS=1,1,cloud-bench-run TARGET=prover-c3d-highcpu-180 SHAPE=c3d-highcpu-180 JOBS=1,50.1,50.1,50.1,501,501
332,Dynamic Monolithic v0.0.2,v0.0.2,Monolith,c3d-highcpu,c3d-highcpu-180,180,AMD Genoa Zen 4,JOBS=2,2,cloud-bench-run TARGET=prover-c3d-highcpu-180 SHAPE=c3d-highcpu-180 JOBS=2,50.1,50.1,50.1,501,251
333,Dynamic Monolithic v0.0.2,v0.0.2,Monolith,c3d-highcpu,c3d-highcpu-180,180,AMD Genoa Zen 4,JOBS=3,3,cloud-bench-run TARGET=prover-c3d-highcpu-180 SHAPE=c3d-highcpu-180 JOBS=3,50.1,50.1,50.1,501,167
334,Dynamic Monolithic v0.0.2,v0.0.2,Monolith,c3d-highcpu,c3d-highcpu-180,180,AMD Genoa Zen 4,JOBS=4,4,cloud-bench-run TARGET=prover-c3d-highcpu-180 SHAPE=c3d-highcpu-180 JOBS=4,50.1,50.1,50.1,501,126
335,Dynamic Monolithic v0.0.2,v0.0.2,Monolith,c3d-highcpu,c3d-highcpu-180,180,AMD Genoa Zen 4,JOBS=5,5,cloud-bench-run TARGET=prover-c3d-highcpu-180 SHAPE=c3d-highcpu-180 JOBS=5,50.1,50.1,50.1,501,101
336,Dynamic Monolithic v0.0.2,v0.0.2,Monolith,c3d-highcpu,c3d-highcpu-180,180,AMD Genoa Zen 4,JOBS=6,6,cloud-bench-run TARGET=prover-c3d-highcpu-180 SHAPE=c3d-highcpu-180 JOBS=6,50.1,50.1,50.1,501,84
337,Dynamic Monolithic v0.0.2,v0.0.2,Monolith,c3d-highcpu,c3d-highcpu-180,180,AMD Genoa Zen 4,JOBS=7,7,cloud-bench-run TARGET=prover-c3d-highcpu-180 SHAPE=c3d-highcpu-180 JOBS=7,50.1,50.1,50.1,501,72
338,Dynamic Monolithic v0.0.2,v0.0.2,Monolith,c3d-highcpu,c3d-highcpu-180,180,AMD Genoa Zen 4,JOBS=8,8,cloud-bench-run TARGET=prover-c3d-highcpu-180 SHAPE=c3d-highcpu-180 JOBS=8,50.1,50.1,50.1,501,63
339,Dynamic Monolithic v0.0.2,v0.0.2,Monolith,c3d-highcpu,c3d-highcpu-180,180,AMD Genoa Zen 4,JOBS=9,9,cloud-bench-run TARGET=prover-c3d-highcpu-180 SHAPE=c3d-highcpu-180 JOBS=9,50.1,50.1,50.1,501,56
340,Dynamic Monolithic v0.0.2,v0.0.2,Monolith,c3d-highcpu,c3d-highcpu-180,180,AMD Genoa Zen 4,JOBS=10,10,cloud-bench-run TARGET=prover-c3d-highcpu-180 SHAPE=c3d-highcpu-180 JOBS=10,50.1,50.1,50.1,501,51
341,Dynamic Monolithic v0.0.2,v0.0.2,Monolith,t2d-standard,t2d-standard-16,16,AMD Milan Zen 3,JOBS=1,1,cloud-bench-run TARGET=prover-t2d-standard-16 SHAPE=t2d-standard-16 JOBS=1,480.1,480.1,480.1,4801,4801
342,Dynamic Monolithic v0.0.2,v0.0.2,Monolith,t2d-standard,t2d-standard-16,16,AMD Milan Zen 3,JOBS=2,2,cloud-bench-run TARGET=prover-t2d-standard-16 SHAPE=t2d-standard-16 JOBS=2,480.1,480.1,480.1,4801,2401
343,Dynamic Monolithic v0.0.2,v0.0.2,Monolith,t2d-standard,t2d-standard-16,16,AMD Milan Zen 3,JOBS=3,3,cloud-bench-run TARGET=prover-t2d-standard-16 SHAPE=t2d-standard-16 JOBS=3,480.1,480.1,480.1,4801,1601
344,Dynamic Monolithic v0.0.2,v0.0.2,Monolith,t2d-standard,t2d-standard-16,16,AMD Milan Zen 3,JOBS=4,4,cloud-bench-run TARGET=prover-t2d-standard-16 SHAPE=t2d-standard-16 JOBS=4,480.1,480.1,480.1,4801,1201
345,Dynamic Monolithic v0.0.2,v0.0.2,Monolith,t2d-standard,t2d-standard-16,16,AMD Milan Zen 3,JOBS=5,5,cloud-bench-run TARGET=prover-t2d-standard-16 SHAPE=t2d-standard-16 JOBS=5,480.1,480.1,480.1,4801,961
346,Dynamic Monolithic v0.0.2,v0.0.2,Monolith,t2d-standard,t2d-standard-16,16,AMD Milan Zen 3,JOBS=6,6,cloud-bench-run TARGET=prover-t2d-standard-16 SHAPE=t2d-standard-16 JOBS=6,480.1,480.1,480.1,4801,801
347,Dynamic Monolithic v0.0.2,v0.0.2,Monolith,t2d-standard,t2d-standard-16,16,AMD Milan Zen 3,JOBS=7,7,cloud-bench-run TARGET=prover-t2d-standard-16 SHAPE=t2d-standard-16 JOBS=7,480.1,480.1,480.1,4801,686
348,Dynamic Monolithic v0.0.2,v0.0.2,Monolith,t2d-standard,t2d-standard-16,16,AMD Milan Zen 3,JOBS=8,8,cloud-bench-run TARGET=prover-t2d-standard-16 SHAPE=t2d-standard-16 JOBS=8,480.1,480.1,480.1,4801,601
349,Dynamic Monolithic v0.0.2,v0.0.2,Monolith,t2d-standard,t2d-standard-16,16,AMD Milan Zen 3,JOBS=9,9,cloud-bench-run TARGET=prover-t2d-standard-16 SHAPE=t2d-standard-16 JOBS=9,480.1,480.1,480.1,4801,534
350,Dynamic Monolithic v0.0.2,v0.0.2,Monolith,t2d-standard,t2d-standard-16,16,AMD Milan Zen 3,JOBS=10,10,cloud-bench-run TARGET=prover-t2d-standard-16 SHAPE=t2d-standard-16 JOBS=10,480.1,480.1,480.1,4801,481
351,Dynamic Monolithic v0.0.2,v0.0.2,Monolith,t2d-standard,t2d-standard-32,32,AMD Milan Zen 3,JOBS=1,1,cloud-bench-run TARGET=prover-t2d-standard-32 SHAPE=t2d-standard-32 JOBS=1,260.1,260.1,260.1,2601,2601
352,Dynamic Monolithic v0.0.2,v0.0.2,Monolith,t2d-standard,t2d-standard-32,32,AMD Milan Zen 3,JOBS=2,2,cloud-bench-run TARGET=prover-t2d-standard-32 SHAPE=t2d-standard-32 JOBS=2,260.1,260.1,260.1,2601,1301
353,Dynamic Monolithic v0.0.2,v0.0.2,Monolith,t2d-standard,t2d-standard-32,32,AMD Milan Zen 3,JOBS=3,3,cloud-bench-run TARGET=prover-t2d-standard-32 SHAPE=t2d-standard-32 JOBS=3,260.1,260.1,260.1,2601,867
354,Dynamic Monolithic v0.0.2,v0.0.2,Monolith,t2d-standard,t2d-standard-32,32,AMD Milan Zen 3,JOBS=4,4,cloud-bench-run TARGET=prover-t2d-standard-32 SHAPE=t2d-standard-32 JOBS=4,260.1,260.1,260.1,2601,651
355,Dynamic Monolithic v0.0.2,v0.0.2,Monolith,t2d-standard,t2d-standard-32,32,AMD Milan Zen 3,JOBS=5,5,cloud-bench-run TARGET=prover-t2d-standard-32 SHAPE=t2d-standard-32 JOBS=5,260.1,260.1,260.1,2601,521
356,Dynamic Monolithic v0.0.2,v0.0.2,Monolith,t2d-standard,t2d-standard-32,32,AMD Milan Zen 3,JOBS=6,6,cloud-bench-run TARGET=prover-t2d-standard-32 SHAPE=t2d-standard-32 JOBS=6,260.1,260.1,260.1,2601,434
357,Dynamic Monolithic v0.0.2,v0.0.2,Monolith,t2d-standard,t2d-standard-32,32,AMD Milan Zen 3,JOBS=7,7,cloud-bench-run TARGET=prover-t2d-standard-32 SHAPE=t2d-standard-32 JOBS=7,260.1,260.1,260.1,2601,372
358,Dynamic Monolithic v0.0.2,v0.0.2,Monolith,t2d-standard,t2d-standard-32,32,AMD Milan Zen 3,JOBS=8,8,cloud-bench-run TARGET=prover-t2d-standard-32 SHAPE=t2d-standard-32 JOBS=8,260.1,260.1,260.1,2601,326
359,Dynamic Monolithic v0.0.2,v0.0.2,Monolith,t2d-standard,t2d-standard-32,32,AMD Milan Zen 3,JOBS=9,9,cloud-bench-run TARGET=prover-t2d-standard-32 SHAPE=t2d-standard-32 JOBS=9,260.1,260.1,260.1,2601,289
360,Dynamic Monolithic v0.0.2,v0.0.2,Monolith,t2d-standard,t2d-standard-32,32,AMD Milan Zen 3,JOBS=10,10,cloud-bench-run TARGET=prover-t2d-standard-32 SHAPE=t2d-standard-32 JOBS=10,260.1,260.1,260.1,2601,261
361,Dynamic Monolithic v0.0.2,v0.0.2,Monolith,t2d-standard,t2d-standard-48,48,AMD Milan Zen 3,JOBS=1,1,cloud-bench-run TARGET=prover-t2d-standard-48 SHAPE=t2d-standard-48 JOBS=1,192.1,192.1,192.1,1921,1921
362,Dynamic Monolithic v0.0.2,v0.0.2,Monolith,t2d-standard,t2d-standard-48,48,AMD Milan Zen 3,JOBS=2,2,cloud-bench-run TARGET=prover-t2d-standard-48 SHAPE=t2d-standard-48 JOBS=2,192.1,192.1,192.1,1921,961
363,Dynamic Monolithic v0.0.2,v0.0.2,Monolith,t2d-standard,t2d-standard-48,48,AMD Milan Zen 3,JOBS=3,3,cloud-bench-run TARGET=prover-t2d-standard-48 SHAPE=t2d-standard-48 JOBS=3,192.1,192.1,192.1,1921,641
364,Dynamic Monolithic v0.0.2,v0.0.2,Monolith,t2d-standard,t2d-standard-48,48,AMD Milan Zen 3,JOBS=4,4,cloud-bench-run TARGET=prover-t2d-standard-48 SHAPE=t2d-standard-48 JOBS=4,192.1,192.1,192.1,1921,481
365,Dynamic Monolithic v0.0.2,v0.0.2,Monolith,t2d-standard,t2d-standard-48,48,AMD Milan Zen 3,JOBS=5,5,cloud-bench-run TARGET=prover-t2d-standard-48 SHAPE=t2d-standard-48 JOBS=5,192.1,192.1,192.1,1921,385
366,Dynamic Monolithic v0.0.2,v0.0.2,Monolith,t2d-standard,t2d-standard-48,48,AMD Milan Zen 3,JOBS=6,6,cloud-bench-run TARGET=prover-t2d-standard-48 SHAPE=t2d-standard-48 JOBS=6,192.1,192.1,192.1,1921,321
367,Dynamic Monolithic v0.0.2,v0.0.2,Monolith,t2d-standard,t2d-standard-48,48,AMD Milan Zen 3,JOBS=7,7,cloud-bench-run TARGET=prover-t2d-standard-48 SHAPE=t2d-standard-48 JOBS=7,192.1,192.1,192.1,1921,275
368,Dynamic Monolithic v0.0.2,v0.0.2,Monolith,t2d-standard,t2d-standard-48,48,AMD Milan Zen 3,JOBS=8,8,cloud-bench-run TARGET=prover-t2d-standard-48 SHAPE=t2d-standard-48 JOBS=8,192.1,192.1,192.1,1921,241
369,Dynamic Monolithic v0.0.2,v0.0.2,Monolith,t2d-standard,t2d-standard-48,48,AMD Milan Zen 3,JOBS=9,9,cloud-bench-run TARGET=prover-t2d-standard-48 SHAPE=t2d-standard-48 JOBS=9,192.1,192.1,192.1,1921,214
370,Dynamic Monolithic v0.0.2,v0.0.2,Monolith,t2d-standard,t2d-standard-48,48,AMD Milan Zen 3,JOBS=10,10,cloud-bench-run TARGET=prover-t2d-standard-48 SHAPE=t2d-standard-48 JOBS=10,192.1,192.1,192.1,1921,193
371,Dynamic Monolithic v0.0.2,v0.0.2,Monolith,t2d-standard,t2d-standard-60,60,AMD Milan Zen 3,JOBS=1,1,cloud-bench-run TARGET=prover-t2d-standard-60 SHAPE=t2d-standard-60 JOBS=1,155.446,155.446,155.446,1555,1555
372,Dynamic Monolithic v0.0.2,v0.0.2,Monolith,t2d-standard,t2d-standard-60,60,AMD Milan Zen 3,JOBS=2,2,cloud-bench-run TARGET=prover-t2d-standard-60 SHAPE=t2d-standard-60 JOBS=2,155.446,155.446,155.446,1555,778
373,Dynamic Monolithic v0.0.2,v0.0.2,Monolith,t2d-standard,t2d-standard-60,60,AMD Milan Zen 3,JOBS=3,3,cloud-bench-run TARGET=prover-t2d-standard-60 SHAPE=t2d-standard-60 JOBS=3,155.446,155.446,155.446,1555,519
374,Dynamic Monolithic v0.0.2,v0.0.2,Monolith,t2d-standard,t2d-standard-60,60,AMD Milan Zen 3,JOBS=4,4,cloud-bench-run TARGET=prover-t2d-standard-60 SHAPE=t2d-standard-60 JOBS=4,155.446,155.446,155.446,1555,389
375,Dynamic Monolithic v0.0.2,v0.0.2,Monolith,t2d-standard,t2d-standard-60,60,AMD Milan Zen 3,JOBS=5,5,cloud-bench-run TARGET=prover-t2d-standard-60 SHAPE=t2d-standard-60 JOBS=5,155.446,155.446,155.446,1555,311
376,Dynamic Monolithic v0.0.2,v0.0.2,Monolith,t2d-standard,t2d-standard-60,60,AMD Milan Zen 3,JOBS=6,6,cloud-bench-run TARGET=prover-t2d-standard-60 SHAPE=t2d-standard-60 JOBS=6,155.446,155.446,155.446,1555,260
377,Dynamic Monolithic v0.0.2,v0.0.2,Monolith,t2d-standard,t2d-standard-60,60,AMD Milan Zen 3,JOBS=7,7,cloud-bench-run TARGET=prover-t2d-standard-60 SHAPE=t2d-standard-60 JOBS=7,155.446,155.446,155.446,1555,223
378,Dynamic Monolithic v0.0.2,v0.0.2,Monolith,t2d-standard,t2d-standard-60,60,AMD Milan Zen 3,JOBS=8,8,cloud-bench-run TARGET=prover-t2d-standard-60 SHAPE=t2d-standard-60 JOBS=8,155.446,155.446,155.446,1555,195
379,Dynamic Monolithic v0.0.2,v0.0.2,Monolith,t2d-standard,t2d-standard-60,60,AMD Milan Zen 3,JOBS=9,9,cloud-bench-run TARGET=prover-t2d-standard-60 SHAPE=t2d-standard-60 JOBS=9,155.446,155.446,155.446,1555,173
380,Dynamic Monolithic v0.0.2,v0.0.2,Monolith,t2d-standard,t2d-standard-60,60,AMD Milan Zen 3,JOBS=10,10,cloud-bench-run TARGET=prover-t2d-standard-60 SHAPE=t2d-standard-60 JOBS=10,155.446,155.446,155.446,1555,156
381,Collaborative Distributed 0.0.3,0.0.3,Distributed,c4a-highcpu,c4a-highcpu-16,16,ARM64 Neoverse V2,BLOCKS=1,1,cloud-run-distributed-cluster --arch=c4a --blocks=1 --shape=c4a-highcpu-16,70.12,70.12,70.12,702,702
382,Collaborative Distributed 0.0.3,0.0.3,Distributed,c4a-highcpu,c4a-highcpu-16,16,ARM64 Neoverse V2,BLOCKS=2,2,cloud-run-distributed-cluster --arch=c4a --blocks=2 --shape=c4a-highcpu-16,70.12,70.12,70.12,702,351
383,Collaborative Distributed 0.0.3,0.0.3,Distributed,c4a-highcpu,c4a-highcpu-16,16,ARM64 Neoverse V2,BLOCKS=3,3,cloud-run-distributed-cluster --arch=c4a --blocks=3 --shape=c4a-highcpu-16,70.12,70.12,70.12,702,234
384,Collaborative Distributed 0.0.3,0.0.3,Distributed,c4a-highcpu,c4a-highcpu-16,16,ARM64 Neoverse V2,BLOCKS=4,4,cloud-run-distributed-cluster --arch=c4a --blocks=4 --shape=c4a-highcpu-16,70.12,70.12,70.12,702,176
385,Collaborative Distributed 0.0.3,0.0.3,Distributed,c4a-highcpu,c4a-highcpu-16,16,ARM64 Neoverse V2,BLOCKS=5,5,cloud-run-distributed-cluster --arch=c4a --blocks=5 --shape=c4a-highcpu-16,70.12,70.12,70.12,702,141
386,Collaborative Distributed 0.0.3,0.0.3,Distributed,c4a-highcpu,c4a-highcpu-16,16,ARM64 Neoverse V2,BLOCKS=6,6,cloud-run-distributed-cluster --arch=c4a --blocks=6 --shape=c4a-highcpu-16,70.12,70.12,70.12,702,117
387,Collaborative Distributed 0.0.3,0.0.3,Distributed,c4a-highcpu,c4a-highcpu-16,16,ARM64 Neoverse V2,BLOCKS=7,7,cloud-run-distributed-cluster --arch=c4a --blocks=7 --shape=c4a-highcpu-16,70.12,70.12,70.12,702,101
388,Collaborative Distributed 0.0.3,0.0.3,Distributed,c4a-highcpu,c4a-highcpu-16,16,ARM64 Neoverse V2,BLOCKS=8,8,cloud-run-distributed-cluster --arch=c4a --blocks=8 --shape=c4a-highcpu-16,70.12,70.12,70.12,702,88
389,Collaborative Distributed 0.0.3,0.0.3,Distributed,c4a-highcpu,c4a-highcpu-16,16,ARM64 Neoverse V2,BLOCKS=9,9,cloud-run-distributed-cluster --arch=c4a --blocks=9 --shape=c4a-highcpu-16,70.12,70.12,70.12,702,78
390,Collaborative Distributed 0.0.3,0.0.3,Distributed,c4a-highcpu,c4a-highcpu-16,16,ARM64 Neoverse V2,BLOCKS=10,10,cloud-run-distributed-cluster --arch=c4a --blocks=10 --shape=c4a-highcpu-16,70.12,70.12,70.12,702,71
391,Collaborative Distributed 0.0.3,0.0.3,Distributed,c4a-highcpu,c4a-highcpu-32,32,ARM64 Neoverse V2,BLOCKS=1,1,cloud-run-distributed-cluster --arch=c4a --blocks=1 --shape=c4a-highcpu-32,40.11,40.11,40.11,402,402
392,Collaborative Distributed 0.0.3,0.0.3,Distributed,c4a-highcpu,c4a-highcpu-32,32,ARM64 Neoverse V2,BLOCKS=2,2,cloud-run-distributed-cluster --arch=c4a --blocks=2 --shape=c4a-highcpu-32,40.11,40.11,40.11,402,201
393,Collaborative Distributed 0.0.3,0.0.3,Distributed,c4a-highcpu,c4a-highcpu-32,32,ARM64 Neoverse V2,BLOCKS=3,3,cloud-run-distributed-cluster --arch=c4a --blocks=3 --shape=c4a-highcpu-32,40.11,40.11,40.11,402,134
394,Collaborative Distributed 0.0.3,0.0.3,Distributed,c4a-highcpu,c4a-highcpu-32,32,ARM64 Neoverse V2,BLOCKS=4,4,cloud-run-distributed-cluster --arch=c4a --blocks=4 --shape=c4a-highcpu-32,40.11,40.11,40.11,402,101
395,Collaborative Distributed 0.0.3,0.0.3,Distributed,c4a-highcpu,c4a-highcpu-32,32,ARM64 Neoverse V2,BLOCKS=5,5,cloud-run-distributed-cluster --arch=c4a --blocks=5 --shape=c4a-highcpu-32,40.11,40.11,40.11,402,81
396,Collaborative Distributed 0.0.3,0.0.3,Distributed,c4a-highcpu,c4a-highcpu-32,32,ARM64 Neoverse V2,BLOCKS=6,6,cloud-run-distributed-cluster --arch=c4a --blocks=6 --shape=c4a-highcpu-32,40.11,40.11,40.11,402,67
397,Collaborative Distributed 0.0.3,0.0.3,Distributed,c4a-highcpu,c4a-highcpu-32,32,ARM64 Neoverse V2,BLOCKS=7,7,cloud-run-distributed-cluster --arch=c4a --blocks=7 --shape=c4a-highcpu-32,40.11,40.11,40.11,402,58
398,Collaborative Distributed 0.0.3,0.0.3,Distributed,c4a-highcpu,c4a-highcpu-32,32,ARM64 Neoverse V2,BLOCKS=8,8,cloud-run-distributed-cluster --arch=c4a --blocks=8 --shape=c4a-highcpu-32,40.11,40.11,40.11,402,51
399,Collaborative Distributed 0.0.3,0.0.3,Distributed,c4a-highcpu,c4a-highcpu-32,32,ARM64 Neoverse V2,BLOCKS=9,9,cloud-run-distributed-cluster --arch=c4a --blocks=9 --shape=c4a-highcpu-32,40.11,40.11,40.11,402,45
400,Collaborative Distributed 0.0.3,0.0.3,Distributed,c4a-highcpu,c4a-highcpu-32,32,ARM64 Neoverse V2,BLOCKS=10,10,cloud-run-distributed-cluster --arch=c4a --blocks=10 --shape=c4a-highcpu-32,40.11,40.11,40.11,402,41
401,Collaborative Distributed 0.0.3,0.0.3,Distributed,c4a-highcpu,c4a-highcpu-48,48,ARM64 Neoverse V2,BLOCKS=1,1,cloud-run-distributed-cluster --arch=c4a --blocks=1 --shape=c4a-highcpu-48,30.05,30.05,30.05,301,301
402,Collaborative Distributed 0.0.3,0.0.3,Distributed,c4a-highcpu,c4a-highcpu-48,48,ARM64 Neoverse V2,BLOCKS=2,2,cloud-run-distributed-cluster --arch=c4a --blocks=2 --shape=c4a-highcpu-48,30.05,30.05,30.05,301,151
403,Collaborative Distributed 0.0.3,0.0.3,Distributed,c4a-highcpu,c4a-highcpu-48,48,ARM64 Neoverse V2,BLOCKS=3,3,cloud-run-distributed-cluster --arch=c4a --blocks=3 --shape=c4a-highcpu-48,30.05,30.05,30.05,301,101
404,Collaborative Distributed 0.0.3,0.0.3,Distributed,c4a-highcpu,c4a-highcpu-48,48,ARM64 Neoverse V2,BLOCKS=4,4,cloud-run-distributed-cluster --arch=c4a --blocks=4 --shape=c4a-highcpu-48,30.05,30.05,30.05,301,76
405,Collaborative Distributed 0.0.3,0.0.3,Distributed,c4a-highcpu,c4a-highcpu-48,48,ARM64 Neoverse V2,BLOCKS=5,5,cloud-run-distributed-cluster --arch=c4a --blocks=5 --shape=c4a-highcpu-48,30.05,30.05,30.05,301,61
406,Collaborative Distributed 0.0.3,0.0.3,Distributed,c4a-highcpu,c4a-highcpu-48,48,ARM64 Neoverse V2,BLOCKS=6,6,cloud-run-distributed-cluster --arch=c4a --blocks=6 --shape=c4a-highcpu-48,30.05,30.05,30.05,301,51
407,Collaborative Distributed 0.0.3,0.0.3,Distributed,c4a-highcpu,c4a-highcpu-48,48,ARM64 Neoverse V2,BLOCKS=7,7,cloud-run-distributed-cluster --arch=c4a --blocks=7 --shape=c4a-highcpu-48,30.05,30.05,30.05,301,43
408,Collaborative Distributed 0.0.3,0.0.3,Distributed,c4a-highcpu,c4a-highcpu-48,48,ARM64 Neoverse V2,BLOCKS=8,8,cloud-run-distributed-cluster --arch=c4a --blocks=8 --shape=c4a-highcpu-48,30.05,30.05,30.05,301,38
409,Collaborative Distributed 0.0.3,0.0.3,Distributed,c4a-highcpu,c4a-highcpu-48,48,ARM64 Neoverse V2,BLOCKS=9,9,cloud-run-distributed-cluster --arch=c4a --blocks=9 --shape=c4a-highcpu-48,30.05,30.05,30.05,301,34
410,Collaborative Distributed 0.0.3,0.0.3,Distributed,c4a-highcpu,c4a-highcpu-48,48,ARM64 Neoverse V2,BLOCKS=10,10,cloud-run-distributed-cluster --arch=c4a --blocks=10 --shape=c4a-highcpu-48,30.05,30.05,30.05,301,31
411,Collaborative Distributed 0.0.3,0.0.3,Distributed,c4a-highcpu,c4a-highcpu-64,64,ARM64 Neoverse V2,BLOCKS=1,1,cloud-run-distributed-cluster --arch=c4a --blocks=1 --shape=c4a-highcpu-64,25.015,25.015,25.015,251,251
412,Collaborative Distributed 0.0.3,0.0.3,Distributed,c4a-highcpu,c4a-highcpu-64,64,ARM64 Neoverse V2,BLOCKS=2,2,cloud-run-distributed-cluster --arch=c4a --blocks=2 --shape=c4a-highcpu-64,25.015,25.015,25.015,251,126
413,Collaborative Distributed 0.0.3,0.0.3,Distributed,c4a-highcpu,c4a-highcpu-64,64,ARM64 Neoverse V2,BLOCKS=3,3,cloud-run-distributed-cluster --arch=c4a --blocks=3 --shape=c4a-highcpu-64,25.015,25.015,25.015,251,84
414,Collaborative Distributed 0.0.3,0.0.3,Distributed,c4a-highcpu,c4a-highcpu-64,64,ARM64 Neoverse V2,BLOCKS=4,4,cloud-run-distributed-cluster --arch=c4a --blocks=4 --shape=c4a-highcpu-64,25.015,25.015,25.015,251,63
415,Collaborative Distributed 0.0.3,0.0.3,Distributed,c4a-highcpu,c4a-highcpu-64,64,ARM64 Neoverse V2,BLOCKS=5,5,cloud-run-distributed-cluster --arch=c4a --blocks=5 --shape=c4a-highcpu-64,25.015,25.015,25.015,251,51
416,Collaborative Distributed 0.0.3,0.0.3,Distributed,c4a-highcpu,c4a-highcpu-64,64,ARM64 Neoverse V2,BLOCKS=6,6,cloud-run-distributed-cluster --arch=c4a --blocks=6 --shape=c4a-highcpu-64,25.015,25.015,25.015,251,42
417,Collaborative Distributed 0.0.3,0.0.3,Distributed,c4a-highcpu,c4a-highcpu-64,64,ARM64 Neoverse V2,BLOCKS=7,7,cloud-run-distributed-cluster --arch=c4a --blocks=7 --shape=c4a-highcpu-64,25.015,25.015,25.015,251,36
418,Collaborative Distributed 0.0.3,0.0.3,Distributed,c4a-highcpu,c4a-highcpu-64,64,ARM64 Neoverse V2,BLOCKS=8,8,cloud-run-distributed-cluster --arch=c4a --blocks=8 --shape=c4a-highcpu-64,25.015,25.015,25.015,251,32
419,Collaborative Distributed 0.0.3,0.0.3,Distributed,c4a-highcpu,c4a-highcpu-64,64,ARM64 Neoverse V2,BLOCKS=9,9,cloud-run-distributed-cluster --arch=c4a --blocks=9 --shape=c4a-highcpu-64,25.015,25.015,25.015,251,28
420,Collaborative Distributed 0.0.3,0.0.3,Distributed,c4a-highcpu,c4a-highcpu-64,64,ARM64 Neoverse V2,BLOCKS=10,10,cloud-run-distributed-cluster --arch=c4a --blocks=10 --shape=c4a-highcpu-64,25.015,25.015,25.015,251,26
421,Collaborative Distributed 0.0.3,0.0.3,Distributed,c4a-highcpu,c4a-highcpu-72,72,ARM64 Neoverse V2,BLOCKS=1,1,cloud-run-distributed-cluster --arch=c4a --blocks=1 --shape=c4a-highcpu-72,23.1,23.1,23.1,231,231
422,Collaborative Distributed 0.0.3,0.0.3,Distributed,c4a-highcpu,c4a-highcpu-72,72,ARM64 Neoverse V2,BLOCKS=2,2,cloud-run-distributed-cluster --arch=c4a --blocks=2 --shape=c4a-highcpu-72,23.1,23.1,23.1,231,116
423,Collaborative Distributed 0.0.3,0.0.3,Distributed,c4a-highcpu,c4a-highcpu-72,72,ARM64 Neoverse V2,BLOCKS=3,3,cloud-run-distributed-cluster --arch=c4a --blocks=3 --shape=c4a-highcpu-72,23.1,23.1,23.1,231,77
424,Collaborative Distributed 0.0.3,0.0.3,Distributed,c4a-highcpu,c4a-highcpu-72,72,ARM64 Neoverse V2,BLOCKS=4,4,cloud-run-distributed-cluster --arch=c4a --blocks=4 --shape=c4a-highcpu-72,23.1,23.1,23.1,231,58
425,Collaborative Distributed 0.0.3,0.0.3,Distributed,c4a-highcpu,c4a-highcpu-72,72,ARM64 Neoverse V2,BLOCKS=5,5,cloud-run-distributed-cluster --arch=c4a --blocks=5 --shape=c4a-highcpu-72,23.1,23.1,23.1,231,47
426,Collaborative Distributed 0.0.3,0.0.3,Distributed,c4a-highcpu,c4a-highcpu-72,72,ARM64 Neoverse V2,BLOCKS=6,6,cloud-run-distributed-cluster --arch=c4a --blocks=6 --shape=c4a-highcpu-72,23.1,23.1,23.1,231,39
427,Collaborative Distributed 0.0.3,0.0.3,Distributed,c4a-highcpu,c4a-highcpu-72,72,ARM64 Neoverse V2,BLOCKS=7,7,cloud-run-distributed-cluster --arch=c4a --blocks=7 --shape=c4a-highcpu-72,23.1,23.1,23.1,231,33
428,Collaborative Distributed 0.0.3,0.0.3,Distributed,c4a-highcpu,c4a-highcpu-72,72,ARM64 Neoverse V2,BLOCKS=8,8,cloud-run-distributed-cluster --arch=c4a --blocks=8 --shape=c4a-highcpu-72,23.1,23.1,23.1,231,29
429,Collaborative Distributed 0.0.3,0.0.3,Distributed,c4a-highcpu,c4a-highcpu-72,72,ARM64 Neoverse V2,BLOCKS=9,9,cloud-run-distributed-cluster --arch=c4a --blocks=9 --shape=c4a-highcpu-72,23.1,23.1,23.1,231,26
430,Collaborative Distributed 0.0.3,0.0.3,Distributed,c4a-highcpu,c4a-highcpu-72,72,ARM64 Neoverse V2,BLOCKS=10,10,cloud-run-distributed-cluster --arch=c4a --blocks=10 --shape=c4a-highcpu-72,23.1,23.1,23.1,231,24
431,Collaborative Distributed 0.0.3,0.0.3,Distributed,c4d-highcpu,c4d-highcpu-16,16,AMD Turin Zen 5,BLOCKS=1,1,cloud-run-distributed-cluster --arch=c4d --blocks=1 --shape=c4d-highcpu-16,42.1,42.1,42.1,421,421
432,Collaborative Distributed 0.0.3,0.0.3,Distributed,c4d-highcpu,c4d-highcpu-16,16,AMD Turin Zen 5,BLOCKS=2,2,cloud-run-distributed-cluster --arch=c4d --blocks=2 --shape=c4d-highcpu-16,42.1,42.1,42.1,421,211
433,Collaborative Distributed 0.0.3,0.0.3,Distributed,c4d-highcpu,c4d-highcpu-16,16,AMD Turin Zen 5,BLOCKS=3,3,cloud-run-distributed-cluster --arch=c4d --blocks=3 --shape=c4d-highcpu-16,42.1,42.1,42.1,421,141
434,Collaborative Distributed 0.0.3,0.0.3,Distributed,c4d-highcpu,c4d-highcpu-16,16,AMD Turin Zen 5,BLOCKS=4,4,cloud-run-distributed-cluster --arch=c4d --blocks=4 --shape=c4d-highcpu-16,42.1,42.1,42.1,421,106
435,Collaborative Distributed 0.0.3,0.0.3,Distributed,c4d-highcpu,c4d-highcpu-16,16,AMD Turin Zen 5,BLOCKS=5,5,cloud-run-distributed-cluster --arch=c4d --blocks=5 --shape=c4d-highcpu-16,42.1,42.1,42.1,421,85
436,Collaborative Distributed 0.0.3,0.0.3,Distributed,c4d-highcpu,c4d-highcpu-16,16,AMD Turin Zen 5,BLOCKS=6,6,cloud-run-distributed-cluster --arch=c4d --blocks=6 --shape=c4d-highcpu-16,42.1,42.1,42.1,421,71
437,Collaborative Distributed 0.0.3,0.0.3,Distributed,c4d-highcpu,c4d-highcpu-16,16,AMD Turin Zen 5,BLOCKS=7,7,cloud-run-distributed-cluster --arch=c4d --blocks=7 --shape=c4d-highcpu-16,42.1,42.1,42.1,421,61
438,Collaborative Distributed 0.0.3,0.0.3,Distributed,c4d-highcpu,c4d-highcpu-16,16,AMD Turin Zen 5,BLOCKS=8,8,cloud-run-distributed-cluster --arch=c4d --blocks=8 --shape=c4d-highcpu-16,42.1,42.1,42.1,421,53
439,Collaborative Distributed 0.0.3,0.0.3,Distributed,c4d-highcpu,c4d-highcpu-16,16,AMD Turin Zen 5,BLOCKS=9,9,cloud-run-distributed-cluster --arch=c4d --blocks=9 --shape=c4d-highcpu-16,42.1,42.1,42.1,421,47
440,Collaborative Distributed 0.0.3,0.0.3,Distributed,c4d-highcpu,c4d-highcpu-16,16,AMD Turin Zen 5,BLOCKS=10,10,cloud-run-distributed-cluster --arch=c4d --blocks=10 --shape=c4d-highcpu-16,42.1,42.1,42.1,421,43
441,Collaborative Distributed 0.0.3,0.0.3,Distributed,c4d-highcpu,c4d-highcpu-32,32,AMD Turin Zen 5,BLOCKS=1,1,cloud-run-distributed-cluster --arch=c4d --blocks=1 --shape=c4d-highcpu-32,24.1,24.1,24.1,241,241
442,Collaborative Distributed 0.0.3,0.0.3,Distributed,c4d-highcpu,c4d-highcpu-32,32,AMD Turin Zen 5,BLOCKS=2,2,cloud-run-distributed-cluster --arch=c4d --blocks=2 --shape=c4d-highcpu-32,24.1,24.1,24.1,241,121
443,Collaborative Distributed 0.0.3,0.0.3,Distributed,c4d-highcpu,c4d-highcpu-32,32,AMD Turin Zen 5,BLOCKS=3,3,cloud-run-distributed-cluster --arch=c4d --blocks=3 --shape=c4d-highcpu-32,24.1,24.1,24.1,241,81
444,Collaborative Distributed 0.0.3,0.0.3,Distributed,c4d-highcpu,c4d-highcpu-32,32,AMD Turin Zen 5,BLOCKS=4,4,cloud-run-distributed-cluster --arch=c4d --blocks=4 --shape=c4d-highcpu-32,24.1,24.1,24.1,241,61
445,Collaborative Distributed 0.0.3,0.0.3,Distributed,c4d-highcpu,c4d-highcpu-32,32,AMD Turin Zen 5,BLOCKS=5,5,cloud-run-distributed-cluster --arch=c4d --blocks=5 --shape=c4d-highcpu-32,24.1,24.1,24.1,241,49
446,Collaborative Distributed 0.0.3,0.0.3,Distributed,c4d-highcpu,c4d-highcpu-32,32,AMD Turin Zen 5,BLOCKS=6,6,cloud-run-distributed-cluster --arch=c4d --blocks=6 --shape=c4d-highcpu-32,24.1,24.1,24.1,241,41
447,Collaborative Distributed 0.0.3,0.0.3,Distributed,c4d-highcpu,c4d-highcpu-32,32,AMD Turin Zen 5,BLOCKS=7,7,cloud-run-distributed-cluster --arch=c4d --blocks=7 --shape=c4d-highcpu-32,24.1,24.1,24.1,241,35
448,Collaborative Distributed 0.0.3,0.0.3,Distributed,c4d-highcpu,c4d-highcpu-32,32,AMD Turin Zen 5,BLOCKS=8,8,cloud-run-distributed-cluster --arch=c4d --blocks=8 --shape=c4d-highcpu-32,24.1,24.1,24.1,241,31
449,Collaborative Distributed 0.0.3,0.0.3,Distributed,c4d-highcpu,c4d-highcpu-32,32,AMD Turin Zen 5,BLOCKS=9,9,cloud-run-distributed-cluster --arch=c4d --blocks=9 --shape=c4d-highcpu-32,24.1,24.1,24.1,241,27
450,Collaborative Distributed 0.0.3,0.0.3,Distributed,c4d-highcpu,c4d-highcpu-32,32,AMD Turin Zen 5,BLOCKS=10,10,cloud-run-distributed-cluster --arch=c4d --blocks=10 --shape=c4d-highcpu-32,24.1,24.1,24.1,241,25
451,Collaborative Distributed 0.0.3,0.0.3,Distributed,c4d-highcpu,c4d-highcpu-48,48,AMD Turin Zen 5,BLOCKS=1,1,cloud-run-distributed-cluster --arch=c4d --blocks=1 --shape=c4d-highcpu-48,17.5,17.5,17.5,175,175
452,Collaborative Distributed 0.0.3,0.0.3,Distributed,c4d-highcpu,c4d-highcpu-48,48,AMD Turin Zen 5,BLOCKS=2,2,cloud-run-distributed-cluster --arch=c4d --blocks=2 --shape=c4d-highcpu-48,17.5,17.5,17.5,175,88
453,Collaborative Distributed 0.0.3,0.0.3,Distributed,c4d-highcpu,c4d-highcpu-48,48,AMD Turin Zen 5,BLOCKS=3,3,cloud-run-distributed-cluster --arch=c4d --blocks=3 --shape=c4d-highcpu-48,17.5,17.5,17.5,175,59
454,Collaborative Distributed 0.0.3,0.0.3,Distributed,c4d-highcpu,c4d-highcpu-48,48,AMD Turin Zen 5,BLOCKS=4,4,cloud-run-distributed-cluster --arch=c4d --blocks=4 --shape=c4d-highcpu-48,17.5,17.5,17.5,175,44
455,Collaborative Distributed 0.0.3,0.0.3,Distributed,c4d-highcpu,c4d-highcpu-48,48,AMD Turin Zen 5,BLOCKS=5,5,cloud-run-distributed-cluster --arch=c4d --blocks=5 --shape=c4d-highcpu-48,17.5,17.5,17.5,175,35
456,Collaborative Distributed 0.0.3,0.0.3,Distributed,c4d-highcpu,c4d-highcpu-48,48,AMD Turin Zen 5,BLOCKS=6,6,cloud-run-distributed-cluster --arch=c4d --blocks=6 --shape=c4d-highcpu-48,17.5,17.5,17.5,175,30
457,Collaborative Distributed 0.0.3,0.0.3,Distributed,c4d-highcpu,c4d-highcpu-48,48,AMD Turin Zen 5,BLOCKS=7,7,cloud-run-distributed-cluster --arch=c4d --blocks=7 --shape=c4d-highcpu-48,17.5,17.5,17.5,175,25
458,Collaborative Distributed 0.0.3,0.0.3,Distributed,c4d-highcpu,c4d-highcpu-48,48,AMD Turin Zen 5,BLOCKS=8,8,cloud-run-distributed-cluster --arch=c4d --blocks=8 --shape=c4d-highcpu-48,17.5,17.5,17.5,175,22
459,Collaborative Distributed 0.0.3,0.0.3,Distributed,c4d-highcpu,c4d-highcpu-48,48,AMD Turin Zen 5,BLOCKS=9,9,cloud-run-distributed-cluster --arch=c4d --blocks=9 --shape=c4d-highcpu-48,17.5,17.5,17.5,175,20
460,Collaborative Distributed 0.0.3,0.0.3,Distributed,c4d-highcpu,c4d-highcpu-48,48,AMD Turin Zen 5,BLOCKS=10,10,cloud-run-distributed-cluster --arch=c4d --blocks=10 --shape=c4d-highcpu-48,17.5,17.5,17.5,175,18
461,Collaborative Distributed 0.0.3,0.0.3,Distributed,c4d-highcpu,c4d-highcpu-64,64,AMD Turin Zen 5,BLOCKS=1,1,cloud-run-distributed-cluster --arch=c4d --blocks=1 --shape=c4d-highcpu-64,14.221,14.221,14.221,143,143
462,Collaborative Distributed 0.0.3,0.0.3,Distributed,c4d-highcpu,c4d-highcpu-64,64,AMD Turin Zen 5,BLOCKS=2,2,cloud-run-distributed-cluster --arch=c4d --blocks=2 --shape=c4d-highcpu-64,14.221,14.221,14.221,143,72
463,Collaborative Distributed 0.0.3,0.0.3,Distributed,c4d-highcpu,c4d-highcpu-64,64,AMD Turin Zen 5,BLOCKS=3,3,cloud-run-distributed-cluster --arch=c4d --blocks=3 --shape=c4d-highcpu-64,14.221,14.221,14.221,143,48
464,Collaborative Distributed 0.0.3,0.0.3,Distributed,c4d-highcpu,c4d-highcpu-64,64,AMD Turin Zen 5,BLOCKS=4,4,cloud-run-distributed-cluster --arch=c4d --blocks=4 --shape=c4d-highcpu-64,14.221,14.221,14.221,143,36
465,Collaborative Distributed 0.0.3,0.0.3,Distributed,c4d-highcpu,c4d-highcpu-64,64,AMD Turin Zen 5,BLOCKS=5,5,cloud-run-distributed-cluster --arch=c4d --blocks=5 --shape=c4d-highcpu-64,14.221,14.221,14.221,143,29
466,Collaborative Distributed 0.0.3,0.0.3,Distributed,c4d-highcpu,c4d-highcpu-64,64,AMD Turin Zen 5,BLOCKS=6,6,cloud-run-distributed-cluster --arch=c4d --blocks=6 --shape=c4d-highcpu-64,14.221,14.221,14.221,143,24
467,Collaborative Distributed 0.0.3,0.0.3,Distributed,c4d-highcpu,c4d-highcpu-64,64,AMD Turin Zen 5,BLOCKS=7,7,cloud-run-distributed-cluster --arch=c4d --blocks=7 --shape=c4d-highcpu-64,14.221,14.221,14.221,143,21
468,Collaborative Distributed 0.0.3,0.0.3,Distributed,c4d-highcpu,c4d-highcpu-64,64,AMD Turin Zen 5,BLOCKS=8,8,cloud-run-distributed-cluster --arch=c4d --blocks=8 --shape=c4d-highcpu-64,14.221,14.221,14.221,143,18
469,Collaborative Distributed 0.0.3,0.0.3,Distributed,c4d-highcpu,c4d-highcpu-64,64,AMD Turin Zen 5,BLOCKS=9,9,cloud-run-distributed-cluster --arch=c4d --blocks=9 --shape=c4d-highcpu-64,14.221,14.221,14.221,143,16
470,Collaborative Distributed 0.0.3,0.0.3,Distributed,c4d-highcpu,c4d-highcpu-64,64,AMD Turin Zen 5,BLOCKS=10,10,cloud-run-distributed-cluster --arch=c4d --blocks=10 --shape=c4d-highcpu-64,14.221,14.221,14.221,143,15
471,Collaborative Distributed 0.0.3,0.0.3,Distributed,c4d-highcpu,c4d-highcpu-96,96,AMD Turin Zen 5,BLOCKS=1,1,cloud-run-distributed-cluster --arch=c4d --blocks=1 --shape=c4d-highcpu-96,10.5,10.5,10.5,105,105
472,Collaborative Distributed 0.0.3,0.0.3,Distributed,c4d-highcpu,c4d-highcpu-96,96,AMD Turin Zen 5,BLOCKS=2,2,cloud-run-distributed-cluster --arch=c4d --blocks=2 --shape=c4d-highcpu-96,10.5,10.5,10.5,105,53
473,Collaborative Distributed 0.0.3,0.0.3,Distributed,c4d-highcpu,c4d-highcpu-96,96,AMD Turin Zen 5,BLOCKS=3,3,cloud-run-distributed-cluster --arch=c4d --blocks=3 --shape=c4d-highcpu-96,10.5,10.5,10.5,105,35
474,Collaborative Distributed 0.0.3,0.0.3,Distributed,c4d-highcpu,c4d-highcpu-96,96,AMD Turin Zen 5,BLOCKS=4,4,cloud-run-distributed-cluster --arch=c4d --blocks=4 --shape=c4d-highcpu-96,10.5,10.5,10.5,105,27
475,Collaborative Distributed 0.0.3,0.0.3,Distributed,c4d-highcpu,c4d-highcpu-96,96,AMD Turin Zen 5,BLOCKS=5,5,cloud-run-distributed-cluster --arch=c4d --blocks=5 --shape=c4d-highcpu-96,10.5,10.5,10.5,105,21
476,Collaborative Distributed 0.0.3,0.0.3,Distributed,c4d-highcpu,c4d-highcpu-96,96,AMD Turin Zen 5,BLOCKS=6,6,cloud-run-distributed-cluster --arch=c4d --blocks=6 --shape=c4d-highcpu-96,10.5,10.5,10.5,105,18
477,Collaborative Distributed 0.0.3,0.0.3,Distributed,c4d-highcpu,c4d-highcpu-96,96,AMD Turin Zen 5,BLOCKS=7,7,cloud-run-distributed-cluster --arch=c4d --blocks=7 --shape=c4d-highcpu-96,10.5,10.5,10.5,105,15
478,Collaborative Distributed 0.0.3,0.0.3,Distributed,c4d-highcpu,c4d-highcpu-96,96,AMD Turin Zen 5,BLOCKS=8,8,cloud-run-distributed-cluster --arch=c4d --blocks=8 --shape=c4d-highcpu-96,10.5,10.5,10.5,105,14
479,Collaborative Distributed 0.0.3,0.0.3,Distributed,c4d-highcpu,c4d-highcpu-96,96,AMD Turin Zen 5,BLOCKS=9,9,cloud-run-distributed-cluster --arch=c4d --blocks=9 --shape=c4d-highcpu-96,10.5,10.5,10.5,105,12
480,Collaborative Distributed 0.0.3,0.0.3,Distributed,c4d-highcpu,c4d-highcpu-96,96,AMD Turin Zen 5,BLOCKS=10,10,cloud-run-distributed-cluster --arch=c4d --blocks=10 --shape=c4d-highcpu-96,10.5,10.5,10.5,105,11
481,Collaborative Distributed 0.0.3,0.0.3,Distributed,c3d-highcpu,c3d-highcpu-16,16,AMD Genoa Zen 4,BLOCKS=1,1,cloud-run-distributed-cluster --arch=c3d --blocks=1 --shape=c3d-highcpu-16,60.1,60.1,60.1,601,601
482,Collaborative Distributed 0.0.3,0.0.3,Distributed,c3d-highcpu,c3d-highcpu-16,16,AMD Genoa Zen 4,BLOCKS=2,2,cloud-run-distributed-cluster --arch=c3d --blocks=2 --shape=c3d-highcpu-16,60.1,60.1,60.1,601,301
483,Collaborative Distributed 0.0.3,0.0.3,Distributed,c3d-highcpu,c3d-highcpu-16,16,AMD Genoa Zen 4,BLOCKS=3,3,cloud-run-distributed-cluster --arch=c3d --blocks=3 --shape=c3d-highcpu-16,60.1,60.1,60.1,601,201
484,Collaborative Distributed 0.0.3,0.0.3,Distributed,c3d-highcpu,c3d-highcpu-16,16,AMD Genoa Zen 4,BLOCKS=4,4,cloud-run-distributed-cluster --arch=c3d --blocks=4 --shape=c3d-highcpu-16,60.1,60.1,60.1,601,151
485,Collaborative Distributed 0.0.3,0.0.3,Distributed,c3d-highcpu,c3d-highcpu-16,16,AMD Genoa Zen 4,BLOCKS=5,5,cloud-run-distributed-cluster --arch=c3d --blocks=5 --shape=c3d-highcpu-16,60.1,60.1,60.1,601,121
486,Collaborative Distributed 0.0.3,0.0.3,Distributed,c3d-highcpu,c3d-highcpu-16,16,AMD Genoa Zen 4,BLOCKS=6,6,cloud-run-distributed-cluster --arch=c3d --blocks=6 --shape=c3d-highcpu-16,60.1,60.1,60.1,601,101
487,Collaborative Distributed 0.0.3,0.0.3,Distributed,c3d-highcpu,c3d-highcpu-16,16,AMD Genoa Zen 4,BLOCKS=7,7,cloud-run-distributed-cluster --arch=c3d --blocks=7 --shape=c3d-highcpu-16,60.1,60.1,60.1,601,86
488,Collaborative Distributed 0.0.3,0.0.3,Distributed,c3d-highcpu,c3d-highcpu-16,16,AMD Genoa Zen 4,BLOCKS=8,8,cloud-run-distributed-cluster --arch=c3d --blocks=8 --shape=c3d-highcpu-16,60.1,60.1,60.1,601,76
489,Collaborative Distributed 0.0.3,0.0.3,Distributed,c3d-highcpu,c3d-highcpu-16,16,AMD Genoa Zen 4,BLOCKS=9,9,cloud-run-distributed-cluster --arch=c3d --blocks=9 --shape=c3d-highcpu-16,60.1,60.1,60.1,601,67
490,Collaborative Distributed 0.0.3,0.0.3,Distributed,c3d-highcpu,c3d-highcpu-16,16,AMD Genoa Zen 4,BLOCKS=10,10,cloud-run-distributed-cluster --arch=c3d --blocks=10 --shape=c3d-highcpu-16,60.1,60.1,60.1,601,61
491,Collaborative Distributed 0.0.3,0.0.3,Distributed,c3d-highcpu,c3d-highcpu-30,30,AMD Genoa Zen 4,BLOCKS=1,1,cloud-run-distributed-cluster --arch=c3d --blocks=1 --shape=c3d-highcpu-30,36.982,36.982,36.982,370,370
492,Collaborative Distributed 0.0.3,0.0.3,Distributed,c3d-highcpu,c3d-highcpu-30,30,AMD Genoa Zen 4,BLOCKS=2,2,cloud-run-distributed-cluster --arch=c3d --blocks=2 --shape=c3d-highcpu-30,37.612,37.839,37.725,378,189
493,Collaborative Distributed 0.0.3,0.0.3,Distributed,c3d-highcpu,c3d-highcpu-30,30,AMD Genoa Zen 4,BLOCKS=3,3,cloud-run-distributed-cluster --arch=c3d --blocks=3 --shape=c3d-highcpu-30,38.092,38.347,38.211,383,128
494,Collaborative Distributed 0.0.3,0.0.3,Distributed,c3d-highcpu,c3d-highcpu-30,30,AMD Genoa Zen 4,BLOCKS=4,4,cloud-run-distributed-cluster --arch=c3d --blocks=4 --shape=c3d-highcpu-30,38.685,38.957,38.821,389,98
495,Collaborative Distributed 0.0.3,0.0.3,Distributed,c3d-highcpu,c3d-highcpu-30,30,AMD Genoa Zen 4,BLOCKS=5,5,cloud-run-distributed-cluster --arch=c3d --blocks=5 --shape=c3d-highcpu-30,39.201,39.485,39.34,394,79
496,Collaborative Distributed 0.0.3,0.0.3,Distributed,c3d-highcpu,c3d-highcpu-30,30,AMD Genoa Zen 4,BLOCKS=6,6,cloud-run-distributed-cluster --arch=c3d --blocks=6 --shape=c3d-highcpu-30,39.783,40.075,39.929,400,67
497,Collaborative Distributed 0.0.3,0.0.3,Distributed,c3d-highcpu,c3d-highcpu-30,30,AMD Genoa Zen 4,BLOCKS=7,7,cloud-run-distributed-cluster --arch=c3d --blocks=7 --shape=c3d-highcpu-30,40.311,40.611,40.459,405,58
498,Collaborative Distributed 0.0.3,0.0.3,Distributed,c3d-highcpu,c3d-highcpu-30,30,AMD Genoa Zen 4,BLOCKS=8,8,cloud-run-distributed-cluster --arch=c3d --blocks=8 --shape=c3d-highcpu-30,40.886,41.194,41.04,411,52
499,Collaborative Distributed 0.0.3,0.0.3,Distributed,c3d-highcpu,c3d-highcpu-30,30,AMD Genoa Zen 4,BLOCKS=9,9,cloud-run-distributed-cluster --arch=c3d --blocks=9 --shape=c3d-highcpu-30,41.42,41.734,41.576,416,47
500,Collaborative Distributed 0.0.3,0.0.3,Distributed,c3d-highcpu,c3d-highcpu-30,30,AMD Genoa Zen 4,BLOCKS=10,10,cloud-run-distributed-cluster --arch=c3d --blocks=10 --shape=c3d-highcpu-30,41.992,42.312,42.152,422,43
501,Collaborative Distributed 0.0.3,0.0.3,Distributed,c3d-highcpu,c3d-highcpu-60,60,AMD Genoa Zen 4,BLOCKS=1,1,cloud-run-distributed-cluster --arch=c3d --blocks=1 --shape=c3d-highcpu-60,20.316,20.316,20.316,204,204
502,Collaborative Distributed 0.0.3,0.0.3,Distributed,c3d-highcpu,c3d-highcpu-60,60,AMD Genoa Zen 4,BLOCKS=2,2,cloud-run-distributed-cluster --arch=c3d --blocks=2 --shape=c3d-highcpu-60,20.316,20.316,20.316,204,102
503,Collaborative Distributed 0.0.3,0.0.3,Distributed,c3d-highcpu,c3d-highcpu-60,60,AMD Genoa Zen 4,BLOCKS=3,3,cloud-run-distributed-cluster --arch=c3d --blocks=3 --shape=c3d-highcpu-60,20.316,20.316,20.316,204,68
504,Collaborative Distributed 0.0.3,0.0.3,Distributed,c3d-highcpu,c3d-highcpu-60,60,AMD Genoa Zen 4,BLOCKS=4,4,cloud-run-distributed-cluster --arch=c3d --blocks=4 --shape=c3d-highcpu-60,20.316,20.316,20.316,204,51
505,Collaborative Distributed 0.0.3,0.0.3,Distributed,c3d-highcpu,c3d-highcpu-60,60,AMD Genoa Zen 4,BLOCKS=5,5,cloud-run-distributed-cluster --arch=c3d --blocks=5 --shape=c3d-highcpu-60,20.316,20.316,20.316,204,41
506,Collaborative Distributed 0.0.3,0.0.3,Distributed,c3d-highcpu,c3d-highcpu-60,60,AMD Genoa Zen 4,BLOCKS=6,6,cloud-run-distributed-cluster --arch=c3d --blocks=6 --shape=c3d-highcpu-60,20.316,20.316,20.316,204,34
507,Collaborative Distributed 0.0.3,0.0.3,Distributed,c3d-highcpu,c3d-highcpu-60,60,AMD Genoa Zen 4,BLOCKS=7,7,cloud-run-distributed-cluster --arch=c3d --blocks=7 --shape=c3d-highcpu-60,20.316,20.316,20.316,204,30
508,Collaborative Distributed 0.0.3,0.0.3,Distributed,c3d-highcpu,c3d-highcpu-60,60,AMD Genoa Zen 4,BLOCKS=8,8,cloud-run-distributed-cluster --arch=c3d --blocks=8 --shape=c3d-highcpu-60,20.316,20.316,20.316,204,26
509,Collaborative Distributed 0.0.3,0.0.3,Distributed,c3d-highcpu,c3d-highcpu-60,60,AMD Genoa Zen 4,BLOCKS=9,9,cloud-run-distributed-cluster --arch=c3d --blocks=9 --shape=c3d-highcpu-60,20.316,20.316,20.316,204,23
510,Collaborative Distributed 0.0.3,0.0.3,Distributed,c3d-highcpu,c3d-highcpu-60,60,AMD Genoa Zen 4,BLOCKS=10,10,cloud-run-distributed-cluster --arch=c3d --blocks=10 --shape=c3d-highcpu-60,20.316,20.316,20.316,204,21
511,Collaborative Distributed 0.0.3,0.0.3,Distributed,c3d-highcpu,c3d-highcpu-90,90,AMD Genoa Zen 4,BLOCKS=1,1,cloud-run-distributed-cluster --arch=c3d --blocks=1 --shape=c3d-highcpu-90,14.8,14.8,14.8,148,148
512,Collaborative Distributed 0.0.3,0.0.3,Distributed,c3d-highcpu,c3d-highcpu-90,90,AMD Genoa Zen 4,BLOCKS=2,2,cloud-run-distributed-cluster --arch=c3d --blocks=2 --shape=c3d-highcpu-90,14.8,14.8,14.8,148,74
513,Collaborative Distributed 0.0.3,0.0.3,Distributed,c3d-highcpu,c3d-highcpu-90,90,AMD Genoa Zen 4,BLOCKS=3,3,cloud-run-distributed-cluster --arch=c3d --blocks=3 --shape=c3d-highcpu-90,14.8,14.8,14.8,148,50
514,Collaborative Distributed 0.0.3,0.0.3,Distributed,c3d-highcpu,c3d-highcpu-90,90,AMD Genoa Zen 4,BLOCKS=4,4,cloud-run-distributed-cluster --arch=c3d --blocks=4 --shape=c3d-highcpu-90,14.8,14.8,14.8,148,37
515,Collaborative Distributed 0.0.3,0.0.3,Distributed,c3d-highcpu,c3d-highcpu-90,90,AMD Genoa Zen 4,BLOCKS=5,5,cloud-run-distributed-cluster --arch=c3d --blocks=5 --shape=c3d-highcpu-90,14.8,14.8,14.8,148,30
516,Collaborative Distributed 0.0.3,0.0.3,Distributed,c3d-highcpu,c3d-highcpu-90,90,AMD Genoa Zen 4,BLOCKS=6,6,cloud-run-distributed-cluster --arch=c3d --blocks=6 --shape=c3d-highcpu-90,14.8,14.8,14.8,148,25
517,Collaborative Distributed 0.0.3,0.0.3,Distributed,c3d-highcpu,c3d-highcpu-90,90,AMD Genoa Zen 4,BLOCKS=7,7,cloud-run-distributed-cluster --arch=c3d --blocks=7 --shape=c3d-highcpu-90,14.8,14.8,14.8,148,22
518,Collaborative Distributed 0.0.3,0.0.3,Distributed,c3d-highcpu,c3d-highcpu-90,90,AMD Genoa Zen 4,BLOCKS=8,8,cloud-run-distributed-cluster --arch=c3d --blocks=8 --shape=c3d-highcpu-90,14.8,14.8,14.8,148,19
519,Collaborative Distributed 0.0.3,0.0.3,Distributed,c3d-highcpu,c3d-highcpu-90,90,AMD Genoa Zen 4,BLOCKS=9,9,cloud-run-distributed-cluster --arch=c3d --blocks=9 --shape=c3d-highcpu-90,14.8,14.8,14.8,148,17
520,Collaborative Distributed 0.0.3,0.0.3,Distributed,c3d-highcpu,c3d-highcpu-90,90,AMD Genoa Zen 4,BLOCKS=10,10,cloud-run-distributed-cluster --arch=c3d --blocks=10 --shape=c3d-highcpu-90,14.8,14.8,14.8,148,15
521,Collaborative Distributed 0.0.3,0.0.3,Distributed,c3d-highcpu,c3d-highcpu-180,180,AMD Genoa Zen 4,BLOCKS=1,1,cloud-run-distributed-cluster --arch=c3d --blocks=1 --shape=c3d-highcpu-180,8.9,8.9,8.9,89,89
522,Collaborative Distributed 0.0.3,0.0.3,Distributed,c3d-highcpu,c3d-highcpu-180,180,AMD Genoa Zen 4,BLOCKS=2,2,cloud-run-distributed-cluster --arch=c3d --blocks=2 --shape=c3d-highcpu-180,8.9,8.9,8.9,89,45
523,Collaborative Distributed 0.0.3,0.0.3,Distributed,c3d-highcpu,c3d-highcpu-180,180,AMD Genoa Zen 4,BLOCKS=3,3,cloud-run-distributed-cluster --arch=c3d --blocks=3 --shape=c3d-highcpu-180,8.9,8.9,8.9,89,30
524,Collaborative Distributed 0.0.3,0.0.3,Distributed,c3d-highcpu,c3d-highcpu-180,180,AMD Genoa Zen 4,BLOCKS=4,4,cloud-run-distributed-cluster --arch=c3d --blocks=4 --shape=c3d-highcpu-180,8.9,8.9,8.9,89,23
525,Collaborative Distributed 0.0.3,0.0.3,Distributed,c3d-highcpu,c3d-highcpu-180,180,AMD Genoa Zen 4,BLOCKS=5,5,cloud-run-distributed-cluster --arch=c3d --blocks=5 --shape=c3d-highcpu-180,8.9,8.9,8.9,89,18
526,Collaborative Distributed 0.0.3,0.0.3,Distributed,c3d-highcpu,c3d-highcpu-180,180,AMD Genoa Zen 4,BLOCKS=6,6,cloud-run-distributed-cluster --arch=c3d --blocks=6 --shape=c3d-highcpu-180,8.9,8.9,8.9,89,15
527,Collaborative Distributed 0.0.3,0.0.3,Distributed,c3d-highcpu,c3d-highcpu-180,180,AMD Genoa Zen 4,BLOCKS=7,7,cloud-run-distributed-cluster --arch=c3d --blocks=7 --shape=c3d-highcpu-180,8.9,8.9,8.9,89,13
528,Collaborative Distributed 0.0.3,0.0.3,Distributed,c3d-highcpu,c3d-highcpu-180,180,AMD Genoa Zen 4,BLOCKS=8,8,cloud-run-distributed-cluster --arch=c3d --blocks=8 --shape=c3d-highcpu-180,8.9,8.9,8.9,89,12
529,Collaborative Distributed 0.0.3,0.0.3,Distributed,c3d-highcpu,c3d-highcpu-180,180,AMD Genoa Zen 4,BLOCKS=9,9,cloud-run-distributed-cluster --arch=c3d --blocks=9 --shape=c3d-highcpu-180,8.9,8.9,8.9,89,10
530,Collaborative Distributed 0.0.3,0.0.3,Distributed,c3d-highcpu,c3d-highcpu-180,180,AMD Genoa Zen 4,BLOCKS=10,10,cloud-run-distributed-cluster --arch=c3d --blocks=10 --shape=c3d-highcpu-180,8.9,8.9,8.9,89,9
531,Collaborative Distributed 0.0.3,0.0.3,Distributed,t2d-standard,t2d-standard-16,16,AMD Milan Zen 3,BLOCKS=1,1,cloud-run-distributed-cluster --arch=t2d --blocks=1 --shape=t2d-standard-16,85.1,85.1,85.1,851,851
532,Collaborative Distributed 0.0.3,0.0.3,Distributed,t2d-standard,t2d-standard-16,16,AMD Milan Zen 3,BLOCKS=2,2,cloud-run-distributed-cluster --arch=t2d --blocks=2 --shape=t2d-standard-16,85.1,85.1,85.1,851,426
533,Collaborative Distributed 0.0.3,0.0.3,Distributed,t2d-standard,t2d-standard-16,16,AMD Milan Zen 3,BLOCKS=3,3,cloud-run-distributed-cluster --arch=t2d --blocks=3 --shape=t2d-standard-16,85.1,85.1,85.1,851,284
534,Collaborative Distributed 0.0.3,0.0.3,Distributed,t2d-standard,t2d-standard-16,16,AMD Milan Zen 3,BLOCKS=4,4,cloud-run-distributed-cluster --arch=t2d --blocks=4 --shape=t2d-standard-16,85.1,85.1,85.1,851,213
535,Collaborative Distributed 0.0.3,0.0.3,Distributed,t2d-standard,t2d-standard-16,16,AMD Milan Zen 3,BLOCKS=5,5,cloud-run-distributed-cluster --arch=t2d --blocks=5 --shape=t2d-standard-16,85.1,85.1,85.1,851,171
536,Collaborative Distributed 0.0.3,0.0.3,Distributed,t2d-standard,t2d-standard-16,16,AMD Milan Zen 3,BLOCKS=6,6,cloud-run-distributed-cluster --arch=t2d --blocks=6 --shape=t2d-standard-16,85.1,85.1,85.1,851,142
537,Collaborative Distributed 0.0.3,0.0.3,Distributed,t2d-standard,t2d-standard-16,16,AMD Milan Zen 3,BLOCKS=7,7,cloud-run-distributed-cluster --arch=t2d --blocks=7 --shape=t2d-standard-16,85.1,85.1,85.1,851,122
538,Collaborative Distributed 0.0.3,0.0.3,Distributed,t2d-standard,t2d-standard-16,16,AMD Milan Zen 3,BLOCKS=8,8,cloud-run-distributed-cluster --arch=t2d --blocks=8 --shape=t2d-standard-16,85.1,85.1,85.1,851,107
539,Collaborative Distributed 0.0.3,0.0.3,Distributed,t2d-standard,t2d-standard-16,16,AMD Milan Zen 3,BLOCKS=9,9,cloud-run-distributed-cluster --arch=t2d --blocks=9 --shape=t2d-standard-16,85.1,85.1,85.1,851,95
540,Collaborative Distributed 0.0.3,0.0.3,Distributed,t2d-standard,t2d-standard-16,16,AMD Milan Zen 3,BLOCKS=10,10,cloud-run-distributed-cluster --arch=t2d --blocks=10 --shape=t2d-standard-16,85.1,85.1,85.1,851,86
541,Collaborative Distributed 0.0.3,0.0.3,Distributed,t2d-standard,t2d-standard-32,32,AMD Milan Zen 3,BLOCKS=1,1,cloud-run-distributed-cluster --arch=t2d --blocks=1 --shape=t2d-standard-32,48.2,48.2,48.2,482,482
542,Collaborative Distributed 0.0.3,0.0.3,Distributed,t2d-standard,t2d-standard-32,32,AMD Milan Zen 3,BLOCKS=2,2,cloud-run-distributed-cluster --arch=t2d --blocks=2 --shape=t2d-standard-32,48.2,48.2,48.2,482,241
543,Collaborative Distributed 0.0.3,0.0.3,Distributed,t2d-standard,t2d-standard-32,32,AMD Milan Zen 3,BLOCKS=3,3,cloud-run-distributed-cluster --arch=t2d --blocks=3 --shape=t2d-standard-32,48.2,48.2,48.2,482,161
544,Collaborative Distributed 0.0.3,0.0.3,Distributed,t2d-standard,t2d-standard-32,32,AMD Milan Zen 3,BLOCKS=4,4,cloud-run-distributed-cluster --arch=t2d --blocks=4 --shape=t2d-standard-32,48.2,48.2,48.2,482,121
545,Collaborative Distributed 0.0.3,0.0.3,Distributed,t2d-standard,t2d-standard-32,32,AMD Milan Zen 3,BLOCKS=5,5,cloud-run-distributed-cluster --arch=t2d --blocks=5 --shape=t2d-standard-32,48.2,48.2,48.2,482,97
546,Collaborative Distributed 0.0.3,0.0.3,Distributed,t2d-standard,t2d-standard-32,32,AMD Milan Zen 3,BLOCKS=6,6,cloud-run-distributed-cluster --arch=t2d --blocks=6 --shape=t2d-standard-32,48.2,48.2,48.2,482,81
547,Collaborative Distributed 0.0.3,0.0.3,Distributed,t2d-standard,t2d-standard-32,32,AMD Milan Zen 3,BLOCKS=7,7,cloud-run-distributed-cluster --arch=t2d --blocks=7 --shape=t2d-standard-32,48.2,48.2,48.2,482,69
548,Collaborative Distributed 0.0.3,0.0.3,Distributed,t2d-standard,t2d-standard-32,32,AMD Milan Zen 3,BLOCKS=8,8,cloud-run-distributed-cluster --arch=t2d --blocks=8 --shape=t2d-standard-32,48.2,48.2,48.2,482,61
549,Collaborative Distributed 0.0.3,0.0.3,Distributed,t2d-standard,t2d-standard-32,32,AMD Milan Zen 3,BLOCKS=9,9,cloud-run-distributed-cluster --arch=t2d --blocks=9 --shape=t2d-standard-32,48.2,48.2,48.2,482,54
550,Collaborative Distributed 0.0.3,0.0.3,Distributed,t2d-standard,t2d-standard-32,32,AMD Milan Zen 3,BLOCKS=10,10,cloud-run-distributed-cluster --arch=t2d --blocks=10 --shape=t2d-standard-32,48.2,48.2,48.2,482,49
551,Collaborative Distributed 0.0.3,0.0.3,Distributed,t2d-standard,t2d-standard-48,48,AMD Milan Zen 3,BLOCKS=1,1,cloud-run-distributed-cluster --arch=t2d --blocks=1 --shape=t2d-standard-48,34.5,34.5,34.5,345,345
552,Collaborative Distributed 0.0.3,0.0.3,Distributed,t2d-standard,t2d-standard-48,48,AMD Milan Zen 3,BLOCKS=2,2,cloud-run-distributed-cluster --arch=t2d --blocks=2 --shape=t2d-standard-48,34.5,34.5,34.5,345,173
553,Collaborative Distributed 0.0.3,0.0.3,Distributed,t2d-standard,t2d-standard-48,48,AMD Milan Zen 3,BLOCKS=3,3,cloud-run-distributed-cluster --arch=t2d --blocks=3 --shape=t2d-standard-48,34.5,34.5,34.5,345,115
554,Collaborative Distributed 0.0.3,0.0.3,Distributed,t2d-standard,t2d-standard-48,48,AMD Milan Zen 3,BLOCKS=4,4,cloud-run-distributed-cluster --arch=t2d --blocks=4 --shape=t2d-standard-48,34.5,34.5,34.5,345,87
555,Collaborative Distributed 0.0.3,0.0.3,Distributed,t2d-standard,t2d-standard-48,48,AMD Milan Zen 3,BLOCKS=5,5,cloud-run-distributed-cluster --arch=t2d --blocks=5 --shape=t2d-standard-48,34.5,34.5,34.5,345,69
556,Collaborative Distributed 0.0.3,0.0.3,Distributed,t2d-standard,t2d-standard-48,48,AMD Milan Zen 3,BLOCKS=6,6,cloud-run-distributed-cluster --arch=t2d --blocks=6 --shape=t2d-standard-48,34.5,34.5,34.5,345,58
557,Collaborative Distributed 0.0.3,0.0.3,Distributed,t2d-standard,t2d-standard-48,48,AMD Milan Zen 3,BLOCKS=7,7,cloud-run-distributed-cluster --arch=t2d --blocks=7 --shape=t2d-standard-48,34.5,34.5,34.5,345,50
558,Collaborative Distributed 0.0.3,0.0.3,Distributed,t2d-standard,t2d-standard-48,48,AMD Milan Zen 3,BLOCKS=8,8,cloud-run-distributed-cluster --arch=t2d --blocks=8 --shape=t2d-standard-48,34.5,34.5,34.5,345,44
559,Collaborative Distributed 0.0.3,0.0.3,Distributed,t2d-standard,t2d-standard-48,48,AMD Milan Zen 3,BLOCKS=9,9,cloud-run-distributed-cluster --arch=t2d --blocks=9 --shape=t2d-standard-48,34.5,34.5,34.5,345,39
560,Collaborative Distributed 0.0.3,0.0.3,Distributed,t2d-standard,t2d-standard-48,48,AMD Milan Zen 3,BLOCKS=10,10,cloud-run-distributed-cluster --arch=t2d --blocks=10 --shape=t2d-standard-48,34.5,34.5,34.5,345,35
561,Collaborative Distributed 0.0.3,0.0.3,Distributed,t2d-standard,t2d-standard-60,60,AMD Milan Zen 3,BLOCKS=1,1,cloud-run-distributed-cluster --arch=t2d --blocks=1 --shape=t2d-standard-60,27.516,27.516,27.516,276,276
562,Collaborative Distributed 0.0.3,0.0.3,Distributed,t2d-standard,t2d-standard-60,60,AMD Milan Zen 3,BLOCKS=2,2,cloud-run-distributed-cluster --arch=t2d --blocks=2 --shape=t2d-standard-60,27.516,27.516,27.516,276,138
563,Collaborative Distributed 0.0.3,0.0.3,Distributed,t2d-standard,t2d-standard-60,60,AMD Milan Zen 3,BLOCKS=3,3,cloud-run-distributed-cluster --arch=t2d --blocks=3 --shape=t2d-standard-60,27.516,27.516,27.516,276,92
564,Collaborative Distributed 0.0.3,0.0.3,Distributed,t2d-standard,t2d-standard-60,60,AMD Milan Zen 3,BLOCKS=4,4,cloud-run-distributed-cluster --arch=t2d --blocks=4 --shape=t2d-standard-60,27.516,27.516,27.516,276,69
565,Collaborative Distributed 0.0.3,0.0.3,Distributed,t2d-standard,t2d-standard-60,60,AMD Milan Zen 3,BLOCKS=5,5,cloud-run-distributed-cluster --arch=t2d --blocks=5 --shape=t2d-standard-60,27.516,27.516,27.516,276,56
566,Collaborative Distributed 0.0.3,0.0.3,Distributed,t2d-standard,t2d-standard-60,60,AMD Milan Zen 3,BLOCKS=6,6,cloud-run-distributed-cluster --arch=t2d --blocks=6 --shape=t2d-standard-60,27.516,27.516,27.516,276,46
567,Collaborative Distributed 0.0.3,0.0.3,Distributed,t2d-standard,t2d-standard-60,60,AMD Milan Zen 3,BLOCKS=7,7,cloud-run-distributed-cluster --arch=t2d --blocks=7 --shape=t2d-standard-60,27.516,27.516,27.516,276,40
568,Collaborative Distributed 0.0.3,0.0.3,Distributed,t2d-standard,t2d-standard-60,60,AMD Milan Zen 3,BLOCKS=8,8,cloud-run-distributed-cluster --arch=t2d --blocks=8 --shape=t2d-standard-60,27.516,27.516,27.516,276,35
569,Collaborative Distributed 0.0.3,0.0.3,Distributed,t2d-standard,t2d-standard-60,60,AMD Milan Zen 3,BLOCKS=9,9,cloud-run-distributed-cluster --arch=t2d --blocks=9 --shape=t2d-standard-60,27.516,27.516,27.516,276,31
570,Collaborative Distributed 0.0.3,0.0.3,Distributed,t2d-standard,t2d-standard-60,60,AMD Milan Zen 3,BLOCKS=10,10,cloud-run-distributed-cluster --arch=t2d --blocks=10 --shape=t2d-standard-60,27.516,27.516,27.516,276,28
571,Hexadecimal radix-16-reduction-trees,radix-16-reduction-trees,Distributed,c4a-highcpu,c4a-highcpu-16,16,ARM64 Neoverse V2,BLOCKS=1,1,cloud-run-distributed-cluster --arch=c4a --blocks=1 --shape=c4a-highcpu-16,32.1,32.1,32.1,321,321
572,Hexadecimal radix-16-reduction-trees,radix-16-reduction-trees,Distributed,c4a-highcpu,c4a-highcpu-16,16,ARM64 Neoverse V2,BLOCKS=2,2,cloud-run-distributed-cluster --arch=c4a --blocks=2 --shape=c4a-highcpu-16,32.1,32.1,32.1,321,161
573,Hexadecimal radix-16-reduction-trees,radix-16-reduction-trees,Distributed,c4a-highcpu,c4a-highcpu-16,16,ARM64 Neoverse V2,BLOCKS=3,3,cloud-run-distributed-cluster --arch=c4a --blocks=3 --shape=c4a-highcpu-16,32.1,32.1,32.1,321,107
574,Hexadecimal radix-16-reduction-trees,radix-16-reduction-trees,Distributed,c4a-highcpu,c4a-highcpu-16,16,ARM64 Neoverse V2,BLOCKS=4,4,cloud-run-distributed-cluster --arch=c4a --blocks=4 --shape=c4a-highcpu-16,32.1,32.1,32.1,321,81
575,Hexadecimal radix-16-reduction-trees,radix-16-reduction-trees,Distributed,c4a-highcpu,c4a-highcpu-16,16,ARM64 Neoverse V2,BLOCKS=5,5,cloud-run-distributed-cluster --arch=c4a --blocks=5 --shape=c4a-highcpu-16,32.1,32.1,32.1,321,65
576,Hexadecimal radix-16-reduction-trees,radix-16-reduction-trees,Distributed,c4a-highcpu,c4a-highcpu-16,16,ARM64 Neoverse V2,BLOCKS=6,6,cloud-run-distributed-cluster --arch=c4a --blocks=6 --shape=c4a-highcpu-16,32.1,32.1,32.1,321,54
577,Hexadecimal radix-16-reduction-trees,radix-16-reduction-trees,Distributed,c4a-highcpu,c4a-highcpu-16,16,ARM64 Neoverse V2,BLOCKS=7,7,cloud-run-distributed-cluster --arch=c4a --blocks=7 --shape=c4a-highcpu-16,32.1,32.1,32.1,321,46
578,Hexadecimal radix-16-reduction-trees,radix-16-reduction-trees,Distributed,c4a-highcpu,c4a-highcpu-16,16,ARM64 Neoverse V2,BLOCKS=8,8,cloud-run-distributed-cluster --arch=c4a --blocks=8 --shape=c4a-highcpu-16,32.1,32.1,32.1,321,41
579,Hexadecimal radix-16-reduction-trees,radix-16-reduction-trees,Distributed,c4a-highcpu,c4a-highcpu-16,16,ARM64 Neoverse V2,BLOCKS=9,9,cloud-run-distributed-cluster --arch=c4a --blocks=9 --shape=c4a-highcpu-16,32.1,32.1,32.1,321,36
580,Hexadecimal radix-16-reduction-trees,radix-16-reduction-trees,Distributed,c4a-highcpu,c4a-highcpu-16,16,ARM64 Neoverse V2,BLOCKS=10,10,cloud-run-distributed-cluster --arch=c4a --blocks=10 --shape=c4a-highcpu-16,32.1,32.1,32.1,321,33
581,Hexadecimal radix-16-reduction-trees,radix-16-reduction-trees,Distributed,c4a-highcpu,c4a-highcpu-32,32,ARM64 Neoverse V2,BLOCKS=1,1,cloud-run-distributed-cluster --arch=c4a --blocks=1 --shape=c4a-highcpu-32,18.5,18.5,18.5,185,185
582,Hexadecimal radix-16-reduction-trees,radix-16-reduction-trees,Distributed,c4a-highcpu,c4a-highcpu-32,32,ARM64 Neoverse V2,BLOCKS=2,2,cloud-run-distributed-cluster --arch=c4a --blocks=2 --shape=c4a-highcpu-32,18.5,18.5,18.5,185,93
583,Hexadecimal radix-16-reduction-trees,radix-16-reduction-trees,Distributed,c4a-highcpu,c4a-highcpu-32,32,ARM64 Neoverse V2,BLOCKS=3,3,cloud-run-distributed-cluster --arch=c4a --blocks=3 --shape=c4a-highcpu-32,18.5,18.5,18.5,185,62
584,Hexadecimal radix-16-reduction-trees,radix-16-reduction-trees,Distributed,c4a-highcpu,c4a-highcpu-32,32,ARM64 Neoverse V2,BLOCKS=4,4,cloud-run-distributed-cluster --arch=c4a --blocks=4 --shape=c4a-highcpu-32,18.5,18.5,18.5,185,47
585,Hexadecimal radix-16-reduction-trees,radix-16-reduction-trees,Distributed,c4a-highcpu,c4a-highcpu-32,32,ARM64 Neoverse V2,BLOCKS=5,5,cloud-run-distributed-cluster --arch=c4a --blocks=5 --shape=c4a-highcpu-32,18.5,18.5,18.5,185,37
586,Hexadecimal radix-16-reduction-trees,radix-16-reduction-trees,Distributed,c4a-highcpu,c4a-highcpu-32,32,ARM64 Neoverse V2,BLOCKS=6,6,cloud-run-distributed-cluster --arch=c4a --blocks=6 --shape=c4a-highcpu-32,18.5,18.5,18.5,185,31
587,Hexadecimal radix-16-reduction-trees,radix-16-reduction-trees,Distributed,c4a-highcpu,c4a-highcpu-32,32,ARM64 Neoverse V2,BLOCKS=7,7,cloud-run-distributed-cluster --arch=c4a --blocks=7 --shape=c4a-highcpu-32,18.5,18.5,18.5,185,27
588,Hexadecimal radix-16-reduction-trees,radix-16-reduction-trees,Distributed,c4a-highcpu,c4a-highcpu-32,32,ARM64 Neoverse V2,BLOCKS=8,8,cloud-run-distributed-cluster --arch=c4a --blocks=8 --shape=c4a-highcpu-32,18.5,18.5,18.5,185,24
589,Hexadecimal radix-16-reduction-trees,radix-16-reduction-trees,Distributed,c4a-highcpu,c4a-highcpu-32,32,ARM64 Neoverse V2,BLOCKS=9,9,cloud-run-distributed-cluster --arch=c4a --blocks=9 --shape=c4a-highcpu-32,18.5,18.5,18.5,185,21
590,Hexadecimal radix-16-reduction-trees,radix-16-reduction-trees,Distributed,c4a-highcpu,c4a-highcpu-32,32,ARM64 Neoverse V2,BLOCKS=10,10,cloud-run-distributed-cluster --arch=c4a --blocks=10 --shape=c4a-highcpu-32,18.5,18.5,18.5,185,19
591,Hexadecimal radix-16-reduction-trees,radix-16-reduction-trees,Distributed,c4a-highcpu,c4a-highcpu-48,48,ARM64 Neoverse V2,BLOCKS=1,1,cloud-run-distributed-cluster --arch=c4a --blocks=1 --shape=c4a-highcpu-48,13.2,13.2,13.2,132,132
592,Hexadecimal radix-16-reduction-trees,radix-16-reduction-trees,Distributed,c4a-highcpu,c4a-highcpu-48,48,ARM64 Neoverse V2,BLOCKS=2,2,cloud-run-distributed-cluster --arch=c4a --blocks=2 --shape=c4a-highcpu-48,13.2,13.2,13.2,132,66
593,Hexadecimal radix-16-reduction-trees,radix-16-reduction-trees,Distributed,c4a-highcpu,c4a-highcpu-48,48,ARM64 Neoverse V2,BLOCKS=3,3,cloud-run-distributed-cluster --arch=c4a --blocks=3 --shape=c4a-highcpu-48,13.2,13.2,13.2,132,44
594,Hexadecimal radix-16-reduction-trees,radix-16-reduction-trees,Distributed,c4a-highcpu,c4a-highcpu-48,48,ARM64 Neoverse V2,BLOCKS=4,4,cloud-run-distributed-cluster --arch=c4a --blocks=4 --shape=c4a-highcpu-48,13.2,13.2,13.2,132,33
595,Hexadecimal radix-16-reduction-trees,radix-16-reduction-trees,Distributed,c4a-highcpu,c4a-highcpu-48,48,ARM64 Neoverse V2,BLOCKS=5,5,cloud-run-distributed-cluster --arch=c4a --blocks=5 --shape=c4a-highcpu-48,13.2,13.2,13.2,132,27
596,Hexadecimal radix-16-reduction-trees,radix-16-reduction-trees,Distributed,c4a-highcpu,c4a-highcpu-48,48,ARM64 Neoverse V2,BLOCKS=6,6,cloud-run-distributed-cluster --arch=c4a --blocks=6 --shape=c4a-highcpu-48,13.2,13.2,13.2,132,22
597,Hexadecimal radix-16-reduction-trees,radix-16-reduction-trees,Distributed,c4a-highcpu,c4a-highcpu-48,48,ARM64 Neoverse V2,BLOCKS=7,7,cloud-run-distributed-cluster --arch=c4a --blocks=7 --shape=c4a-highcpu-48,13.2,13.2,13.2,132,19
598,Hexadecimal radix-16-reduction-trees,radix-16-reduction-trees,Distributed,c4a-highcpu,c4a-highcpu-48,48,ARM64 Neoverse V2,BLOCKS=8,8,cloud-run-distributed-cluster --arch=c4a --blocks=8 --shape=c4a-highcpu-48,13.2,13.2,13.2,132,17
599,Hexadecimal radix-16-reduction-trees,radix-16-reduction-trees,Distributed,c4a-highcpu,c4a-highcpu-48,48,ARM64 Neoverse V2,BLOCKS=9,9,cloud-run-distributed-cluster --arch=c4a --blocks=9 --shape=c4a-highcpu-48,13.2,13.2,13.2,132,15
600,Hexadecimal radix-16-reduction-trees,radix-16-reduction-trees,Distributed,c4a-highcpu,c4a-highcpu-48,48,ARM64 Neoverse V2,BLOCKS=10,10,cloud-run-distributed-cluster --arch=c4a --blocks=10 --shape=c4a-highcpu-48,13.2,13.2,13.2,132,14
601,Hexadecimal radix-16-reduction-trees,radix-16-reduction-trees,Distributed,c4a-highcpu,c4a-highcpu-64,64,ARM64 Neoverse V2,BLOCKS=1,1,cloud-run-distributed-cluster --arch=c4a --blocks=1 --shape=c4a-highcpu-64,11.002,11.002,11.002,111,111
602,Hexadecimal radix-16-reduction-trees,radix-16-reduction-trees,Distributed,c4a-highcpu,c4a-highcpu-64,64,ARM64 Neoverse V2,BLOCKS=2,2,cloud-run-distributed-cluster --arch=c4a --blocks=2 --shape=c4a-highcpu-64,11.002,11.002,11.002,111,56
603,Hexadecimal radix-16-reduction-trees,radix-16-reduction-trees,Distributed,c4a-highcpu,c4a-highcpu-64,64,ARM64 Neoverse V2,BLOCKS=3,3,cloud-run-distributed-cluster --arch=c4a --blocks=3 --shape=c4a-highcpu-64,11.002,11.002,11.002,111,37
604,Hexadecimal radix-16-reduction-trees,radix-16-reduction-trees,Distributed,c4a-highcpu,c4a-highcpu-64,64,ARM64 Neoverse V2,BLOCKS=4,4,cloud-run-distributed-cluster --arch=c4a --blocks=4 --shape=c4a-highcpu-64,11.002,11.002,11.002,111,28
605,Hexadecimal radix-16-reduction-trees,radix-16-reduction-trees,Distributed,c4a-highcpu,c4a-highcpu-64,64,ARM64 Neoverse V2,BLOCKS=5,5,cloud-run-distributed-cluster --arch=c4a --blocks=5 --shape=c4a-highcpu-64,11.002,11.002,11.002,111,23
606,Hexadecimal radix-16-reduction-trees,radix-16-reduction-trees,Distributed,c4a-highcpu,c4a-highcpu-64,64,ARM64 Neoverse V2,BLOCKS=6,6,cloud-run-distributed-cluster --arch=c4a --blocks=6 --shape=c4a-highcpu-64,11.002,11.002,11.002,111,19
607,Hexadecimal radix-16-reduction-trees,radix-16-reduction-trees,Distributed,c4a-highcpu,c4a-highcpu-64,64,ARM64 Neoverse V2,BLOCKS=7,7,cloud-run-distributed-cluster --arch=c4a --blocks=7 --shape=c4a-highcpu-64,11.002,11.002,11.002,111,16
608,Hexadecimal radix-16-reduction-trees,radix-16-reduction-trees,Distributed,c4a-highcpu,c4a-highcpu-64,64,ARM64 Neoverse V2,BLOCKS=8,8,cloud-run-distributed-cluster --arch=c4a --blocks=8 --shape=c4a-highcpu-64,11.002,11.002,11.002,111,14
609,Hexadecimal radix-16-reduction-trees,radix-16-reduction-trees,Distributed,c4a-highcpu,c4a-highcpu-64,64,ARM64 Neoverse V2,BLOCKS=9,9,cloud-run-distributed-cluster --arch=c4a --blocks=9 --shape=c4a-highcpu-64,11.002,11.002,11.002,111,13
610,Hexadecimal radix-16-reduction-trees,radix-16-reduction-trees,Distributed,c4a-highcpu,c4a-highcpu-64,64,ARM64 Neoverse V2,BLOCKS=10,10,cloud-run-distributed-cluster --arch=c4a --blocks=10 --shape=c4a-highcpu-64,11.002,11.002,11.002,111,12
611,Hexadecimal radix-16-reduction-trees,radix-16-reduction-trees,Distributed,c4a-highcpu,c4a-highcpu-72,72,ARM64 Neoverse V2,BLOCKS=1,1,cloud-run-distributed-cluster --arch=c4a --blocks=1 --shape=c4a-highcpu-72,10.15,10.15,10.15,102,102
612,Hexadecimal radix-16-reduction-trees,radix-16-reduction-trees,Distributed,c4a-highcpu,c4a-highcpu-72,72,ARM64 Neoverse V2,BLOCKS=2,2,cloud-run-distributed-cluster --arch=c4a --blocks=2 --shape=c4a-highcpu-72,10.15,10.15,10.15,102,51
613,Hexadecimal radix-16-reduction-trees,radix-16-reduction-trees,Distributed,c4a-highcpu,c4a-highcpu-72,72,ARM64 Neoverse V2,BLOCKS=3,3,cloud-run-distributed-cluster --arch=c4a --blocks=3 --shape=c4a-highcpu-72,10.15,10.15,10.15,102,34
614,Hexadecimal radix-16-reduction-trees,radix-16-reduction-trees,Distributed,c4a-highcpu,c4a-highcpu-72,72,ARM64 Neoverse V2,BLOCKS=4,4,cloud-run-distributed-cluster --arch=c4a --blocks=4 --shape=c4a-highcpu-72,10.15,10.15,10.15,102,26
615,Hexadecimal radix-16-reduction-trees,radix-16-reduction-trees,Distributed,c4a-highcpu,c4a-highcpu-72,72,ARM64 Neoverse V2,BLOCKS=5,5,cloud-run-distributed-cluster --arch=c4a --blocks=5 --shape=c4a-highcpu-72,10.15,10.15,10.15,102,21
616,Hexadecimal radix-16-reduction-trees,radix-16-reduction-trees,Distributed,c4a-highcpu,c4a-highcpu-72,72,ARM64 Neoverse V2,BLOCKS=6,6,cloud-run-distributed-cluster --arch=c4a --blocks=6 --shape=c4a-highcpu-72,10.15,10.15,10.15,102,17
617,Hexadecimal radix-16-reduction-trees,radix-16-reduction-trees,Distributed,c4a-highcpu,c4a-highcpu-72,72,ARM64 Neoverse V2,BLOCKS=7,7,cloud-run-distributed-cluster --arch=c4a --blocks=7 --shape=c4a-highcpu-72,10.15,10.15,10.15,102,15
618,Hexadecimal radix-16-reduction-trees,radix-16-reduction-trees,Distributed,c4a-highcpu,c4a-highcpu-72,72,ARM64 Neoverse V2,BLOCKS=8,8,cloud-run-distributed-cluster --arch=c4a --blocks=8 --shape=c4a-highcpu-72,10.15,10.15,10.15,102,13
619,Hexadecimal radix-16-reduction-trees,radix-16-reduction-trees,Distributed,c4a-highcpu,c4a-highcpu-72,72,ARM64 Neoverse V2,BLOCKS=9,9,cloud-run-distributed-cluster --arch=c4a --blocks=9 --shape=c4a-highcpu-72,10.15,10.15,10.15,102,12
620,Hexadecimal radix-16-reduction-trees,radix-16-reduction-trees,Distributed,c4a-highcpu,c4a-highcpu-72,72,ARM64 Neoverse V2,BLOCKS=10,10,cloud-run-distributed-cluster --arch=c4a --blocks=10 --shape=c4a-highcpu-72,10.15,10.15,10.15,102,11
621,Hexadecimal radix-16-reduction-trees,radix-16-reduction-trees,Distributed,c4d-highcpu,c4d-highcpu-16,16,AMD Turin Zen 5,BLOCKS=1,1,cloud-run-distributed-cluster --arch=c4d --blocks=1 --shape=c4d-highcpu-16,19.2,19.2,19.2,192,192
622,Hexadecimal radix-16-reduction-trees,radix-16-reduction-trees,Distributed,c4d-highcpu,c4d-highcpu-16,16,AMD Turin Zen 5,BLOCKS=2,2,cloud-run-distributed-cluster --arch=c4d --blocks=2 --shape=c4d-highcpu-16,19.2,19.2,19.2,192,96
623,Hexadecimal radix-16-reduction-trees,radix-16-reduction-trees,Distributed,c4d-highcpu,c4d-highcpu-16,16,AMD Turin Zen 5,BLOCKS=3,3,cloud-run-distributed-cluster --arch=c4d --blocks=3 --shape=c4d-highcpu-16,19.2,19.2,19.2,192,64
624,Hexadecimal radix-16-reduction-trees,radix-16-reduction-trees,Distributed,c4d-highcpu,c4d-highcpu-16,16,AMD Turin Zen 5,BLOCKS=4,4,cloud-run-distributed-cluster --arch=c4d --blocks=4 --shape=c4d-highcpu-16,19.2,19.2,19.2,192,48
625,Hexadecimal radix-16-reduction-trees,radix-16-reduction-trees,Distributed,c4d-highcpu,c4d-highcpu-16,16,AMD Turin Zen 5,BLOCKS=5,5,cloud-run-distributed-cluster --arch=c4d --blocks=5 --shape=c4d-highcpu-16,19.2,19.2,19.2,192,39
626,Hexadecimal radix-16-reduction-trees,radix-16-reduction-trees,Distributed,c4d-highcpu,c4d-highcpu-16,16,AMD Turin Zen 5,BLOCKS=6,6,cloud-run-distributed-cluster --arch=c4d --blocks=6 --shape=c4d-highcpu-16,19.2,19.2,19.2,192,32
627,Hexadecimal radix-16-reduction-trees,radix-16-reduction-trees,Distributed,c4d-highcpu,c4d-highcpu-16,16,AMD Turin Zen 5,BLOCKS=7,7,cloud-run-distributed-cluster --arch=c4d --blocks=7 --shape=c4d-highcpu-16,19.2,19.2,19.2,192,28
628,Hexadecimal radix-16-reduction-trees,radix-16-reduction-trees,Distributed,c4d-highcpu,c4d-highcpu-16,16,AMD Turin Zen 5,BLOCKS=8,8,cloud-run-distributed-cluster --arch=c4d --blocks=8 --shape=c4d-highcpu-16,19.2,19.2,19.2,192,24
629,Hexadecimal radix-16-reduction-trees,radix-16-reduction-trees,Distributed,c4d-highcpu,c4d-highcpu-16,16,AMD Turin Zen 5,BLOCKS=9,9,cloud-run-distributed-cluster --arch=c4d --blocks=9 --shape=c4d-highcpu-16,19.2,19.2,19.2,192,22
630,Hexadecimal radix-16-reduction-trees,radix-16-reduction-trees,Distributed,c4d-highcpu,c4d-highcpu-16,16,AMD Turin Zen 5,BLOCKS=10,10,cloud-run-distributed-cluster --arch=c4d --blocks=10 --shape=c4d-highcpu-16,19.2,19.2,19.2,192,20
631,Hexadecimal radix-16-reduction-trees,radix-16-reduction-trees,Distributed,c4d-highcpu,c4d-highcpu-32,32,AMD Turin Zen 5,BLOCKS=1,1,cloud-run-distributed-cluster --arch=c4d --blocks=1 --shape=c4d-highcpu-32,10.8,10.8,10.8,108,108
632,Hexadecimal radix-16-reduction-trees,radix-16-reduction-trees,Distributed,c4d-highcpu,c4d-highcpu-32,32,AMD Turin Zen 5,BLOCKS=2,2,cloud-run-distributed-cluster --arch=c4d --blocks=2 --shape=c4d-highcpu-32,10.8,10.8,10.8,108,54
633,Hexadecimal radix-16-reduction-trees,radix-16-reduction-trees,Distributed,c4d-highcpu,c4d-highcpu-32,32,AMD Turin Zen 5,BLOCKS=3,3,cloud-run-distributed-cluster --arch=c4d --blocks=3 --shape=c4d-highcpu-32,10.8,10.8,10.8,108,36
634,Hexadecimal radix-16-reduction-trees,radix-16-reduction-trees,Distributed,c4d-highcpu,c4d-highcpu-32,32,AMD Turin Zen 5,BLOCKS=4,4,cloud-run-distributed-cluster --arch=c4d --blocks=4 --shape=c4d-highcpu-32,10.8,10.8,10.8,108,27
635,Hexadecimal radix-16-reduction-trees,radix-16-reduction-trees,Distributed,c4d-highcpu,c4d-highcpu-32,32,AMD Turin Zen 5,BLOCKS=5,5,cloud-run-distributed-cluster --arch=c4d --blocks=5 --shape=c4d-highcpu-32,10.8,10.8,10.8,108,22
636,Hexadecimal radix-16-reduction-trees,radix-16-reduction-trees,Distributed,c4d-highcpu,c4d-highcpu-32,32,AMD Turin Zen 5,BLOCKS=6,6,cloud-run-distributed-cluster --arch=c4d --blocks=6 --shape=c4d-highcpu-32,10.8,10.8,10.8,108,18
637,Hexadecimal radix-16-reduction-trees,radix-16-reduction-trees,Distributed,c4d-highcpu,c4d-highcpu-32,32,AMD Turin Zen 5,BLOCKS=7,7,cloud-run-distributed-cluster --arch=c4d --blocks=7 --shape=c4d-highcpu-32,10.8,10.8,10.8,108,16
638,Hexadecimal radix-16-reduction-trees,radix-16-reduction-trees,Distributed,c4d-highcpu,c4d-highcpu-32,32,AMD Turin Zen 5,BLOCKS=8,8,cloud-run-distributed-cluster --arch=c4d --blocks=8 --shape=c4d-highcpu-32,10.8,10.8,10.8,108,14
639,Hexadecimal radix-16-reduction-trees,radix-16-reduction-trees,Distributed,c4d-highcpu,c4d-highcpu-32,32,AMD Turin Zen 5,BLOCKS=9,9,cloud-run-distributed-cluster --arch=c4d --blocks=9 --shape=c4d-highcpu-32,10.8,10.8,10.8,108,12
640,Hexadecimal radix-16-reduction-trees,radix-16-reduction-trees,Distributed,c4d-highcpu,c4d-highcpu-32,32,AMD Turin Zen 5,BLOCKS=10,10,cloud-run-distributed-cluster --arch=c4d --blocks=10 --shape=c4d-highcpu-32,10.8,10.8,10.8,108,11
641,Hexadecimal radix-16-reduction-trees,radix-16-reduction-trees,Distributed,c4d-highcpu,c4d-highcpu-48,48,AMD Turin Zen 5,BLOCKS=1,1,cloud-run-distributed-cluster --arch=c4d --blocks=1 --shape=c4d-highcpu-48,7.8,7.8,7.8,78,78
642,Hexadecimal radix-16-reduction-trees,radix-16-reduction-trees,Distributed,c4d-highcpu,c4d-highcpu-48,48,AMD Turin Zen 5,BLOCKS=2,2,cloud-run-distributed-cluster --arch=c4d --blocks=2 --shape=c4d-highcpu-48,7.8,7.8,7.8,78,39
643,Hexadecimal radix-16-reduction-trees,radix-16-reduction-trees,Distributed,c4d-highcpu,c4d-highcpu-48,48,AMD Turin Zen 5,BLOCKS=3,3,cloud-run-distributed-cluster --arch=c4d --blocks=3 --shape=c4d-highcpu-48,7.8,7.8,7.8,78,26
644,Hexadecimal radix-16-reduction-trees,radix-16-reduction-trees,Distributed,c4d-highcpu,c4d-highcpu-48,48,AMD Turin Zen 5,BLOCKS=4,4,cloud-run-distributed-cluster --arch=c4d --blocks=4 --shape=c4d-highcpu-48,7.8,7.8,7.8,78,20
645,Hexadecimal radix-16-reduction-trees,radix-16-reduction-trees,Distributed,c4d-highcpu,c4d-highcpu-48,48,AMD Turin Zen 5,BLOCKS=5,5,cloud-run-distributed-cluster --arch=c4d --blocks=5 --shape=c4d-highcpu-48,7.8,7.8,7.8,78,16
646,Hexadecimal radix-16-reduction-trees,radix-16-reduction-trees,Distributed,c4d-highcpu,c4d-highcpu-48,48,AMD Turin Zen 5,BLOCKS=6,6,cloud-run-distributed-cluster --arch=c4d --blocks=6 --shape=c4d-highcpu-48,7.8,7.8,7.8,78,13
647,Hexadecimal radix-16-reduction-trees,radix-16-reduction-trees,Distributed,c4d-highcpu,c4d-highcpu-48,48,AMD Turin Zen 5,BLOCKS=7,7,cloud-run-distributed-cluster --arch=c4d --blocks=7 --shape=c4d-highcpu-48,7.8,7.8,7.8,78,12
648,Hexadecimal radix-16-reduction-trees,radix-16-reduction-trees,Distributed,c4d-highcpu,c4d-highcpu-48,48,AMD Turin Zen 5,BLOCKS=8,8,cloud-run-distributed-cluster --arch=c4d --blocks=8 --shape=c4d-highcpu-48,7.8,7.8,7.8,78,10
649,Hexadecimal radix-16-reduction-trees,radix-16-reduction-trees,Distributed,c4d-highcpu,c4d-highcpu-48,48,AMD Turin Zen 5,BLOCKS=9,9,cloud-run-distributed-cluster --arch=c4d --blocks=9 --shape=c4d-highcpu-48,7.8,7.8,7.8,78,9
650,Hexadecimal radix-16-reduction-trees,radix-16-reduction-trees,Distributed,c4d-highcpu,c4d-highcpu-48,48,AMD Turin Zen 5,BLOCKS=10,10,cloud-run-distributed-cluster --arch=c4d --blocks=10 --shape=c4d-highcpu-48,7.8,7.8,7.8,78,8
651,Hexadecimal radix-16-reduction-trees,radix-16-reduction-trees,Distributed,c4d-highcpu,c4d-highcpu-64,64,AMD Turin Zen 5,BLOCKS=1,1,cloud-run-distributed-cluster --arch=c4d --blocks=1 --shape=c4d-highcpu-64,6.251,6.251,6.251,63,63
652,Hexadecimal radix-16-reduction-trees,radix-16-reduction-trees,Distributed,c4d-highcpu,c4d-highcpu-64,64,AMD Turin Zen 5,BLOCKS=2,2,cloud-run-distributed-cluster --arch=c4d --blocks=2 --shape=c4d-highcpu-64,6.251,6.251,6.251,63,32
653,Hexadecimal radix-16-reduction-trees,radix-16-reduction-trees,Distributed,c4d-highcpu,c4d-highcpu-64,64,AMD Turin Zen 5,BLOCKS=3,3,cloud-run-distributed-cluster --arch=c4d --blocks=3 --shape=c4d-highcpu-64,6.251,6.251,6.251,63,21
654,Hexadecimal radix-16-reduction-trees,radix-16-reduction-trees,Distributed,c4d-highcpu,c4d-highcpu-64,64,AMD Turin Zen 5,BLOCKS=4,4,cloud-run-distributed-cluster --arch=c4d --blocks=4 --shape=c4d-highcpu-64,6.251,6.251,6.251,63,16
655,Hexadecimal radix-16-reduction-trees,radix-16-reduction-trees,Distributed,c4d-highcpu,c4d-highcpu-64,64,AMD Turin Zen 5,BLOCKS=5,5,cloud-run-distributed-cluster --arch=c4d --blocks=5 --shape=c4d-highcpu-64,6.251,6.251,6.251,63,13
656,Hexadecimal radix-16-reduction-trees,radix-16-reduction-trees,Distributed,c4d-highcpu,c4d-highcpu-64,64,AMD Turin Zen 5,BLOCKS=6,6,cloud-run-distributed-cluster --arch=c4d --blocks=6 --shape=c4d-highcpu-64,6.251,6.251,6.251,63,11
657,Hexadecimal radix-16-reduction-trees,radix-16-reduction-trees,Distributed,c4d-highcpu,c4d-highcpu-64,64,AMD Turin Zen 5,BLOCKS=7,7,cloud-run-distributed-cluster --arch=c4d --blocks=7 --shape=c4d-highcpu-64,6.251,6.251,6.251,63,9
658,Hexadecimal radix-16-reduction-trees,radix-16-reduction-trees,Distributed,c4d-highcpu,c4d-highcpu-64,64,AMD Turin Zen 5,BLOCKS=8,8,cloud-run-distributed-cluster --arch=c4d --blocks=8 --shape=c4d-highcpu-64,6.251,6.251,6.251,63,8
659,Hexadecimal radix-16-reduction-trees,radix-16-reduction-trees,Distributed,c4d-highcpu,c4d-highcpu-64,64,AMD Turin Zen 5,BLOCKS=9,9,cloud-run-distributed-cluster --arch=c4d --blocks=9 --shape=c4d-highcpu-64,6.251,6.251,6.251,63,7
660,Hexadecimal radix-16-reduction-trees,radix-16-reduction-trees,Distributed,c4d-highcpu,c4d-highcpu-64,64,AMD Turin Zen 5,BLOCKS=10,10,cloud-run-distributed-cluster --arch=c4d --blocks=10 --shape=c4d-highcpu-64,6.251,6.251,6.251,63,7
661,Hexadecimal radix-16-reduction-trees,radix-16-reduction-trees,Distributed,c4d-highcpu,c4d-highcpu-96,96,AMD Turin Zen 5,BLOCKS=1,1,cloud-run-distributed-cluster --arch=c4d --blocks=1 --shape=c4d-highcpu-96,4.6,4.6,4.6,46,46
662,Hexadecimal radix-16-reduction-trees,radix-16-reduction-trees,Distributed,c4d-highcpu,c4d-highcpu-96,96,AMD Turin Zen 5,BLOCKS=2,2,cloud-run-distributed-cluster --arch=c4d --blocks=2 --shape=c4d-highcpu-96,4.6,4.6,4.6,46,23
663,Hexadecimal radix-16-reduction-trees,radix-16-reduction-trees,Distributed,c4d-highcpu,c4d-highcpu-96,96,AMD Turin Zen 5,BLOCKS=3,3,cloud-run-distributed-cluster --arch=c4d --blocks=3 --shape=c4d-highcpu-96,4.6,4.6,4.6,46,16
664,Hexadecimal radix-16-reduction-trees,radix-16-reduction-trees,Distributed,c4d-highcpu,c4d-highcpu-96,96,AMD Turin Zen 5,BLOCKS=4,4,cloud-run-distributed-cluster --arch=c4d --blocks=4 --shape=c4d-highcpu-96,4.6,4.6,4.6,46,12
665,Hexadecimal radix-16-reduction-trees,radix-16-reduction-trees,Distributed,c4d-highcpu,c4d-highcpu-96,96,AMD Turin Zen 5,BLOCKS=5,5,cloud-run-distributed-cluster --arch=c4d --blocks=5 --shape=c4d-highcpu-96,4.6,4.6,4.6,46,10
666,Hexadecimal radix-16-reduction-trees,radix-16-reduction-trees,Distributed,c4d-highcpu,c4d-highcpu-96,96,AMD Turin Zen 5,BLOCKS=6,6,cloud-run-distributed-cluster --arch=c4d --blocks=6 --shape=c4d-highcpu-96,4.6,4.6,4.6,46,8
667,Hexadecimal radix-16-reduction-trees,radix-16-reduction-trees,Distributed,c4d-highcpu,c4d-highcpu-96,96,AMD Turin Zen 5,BLOCKS=7,7,cloud-run-distributed-cluster --arch=c4d --blocks=7 --shape=c4d-highcpu-96,4.6,4.6,4.6,46,7
668,Hexadecimal radix-16-reduction-trees,radix-16-reduction-trees,Distributed,c4d-highcpu,c4d-highcpu-96,96,AMD Turin Zen 5,BLOCKS=8,8,cloud-run-distributed-cluster --arch=c4d --blocks=8 --shape=c4d-highcpu-96,4.6,4.6,4.6,46,6
669,Hexadecimal radix-16-reduction-trees,radix-16-reduction-trees,Distributed,c4d-highcpu,c4d-highcpu-96,96,AMD Turin Zen 5,BLOCKS=9,9,cloud-run-distributed-cluster --arch=c4d --blocks=9 --shape=c4d-highcpu-96,4.6,4.6,4.6,46,6
670,Hexadecimal radix-16-reduction-trees,radix-16-reduction-trees,Distributed,c4d-highcpu,c4d-highcpu-96,96,AMD Turin Zen 5,BLOCKS=10,10,cloud-run-distributed-cluster --arch=c4d --blocks=10 --shape=c4d-highcpu-96,4.6,4.6,4.6,46,5
671,Hexadecimal radix-16-reduction-trees,radix-16-reduction-trees,Distributed,c3d-highcpu,c3d-highcpu-16,16,AMD Genoa Zen 4,BLOCKS=1,1,cloud-run-distributed-cluster --arch=c3d --blocks=1 --shape=c3d-highcpu-16,27.5,27.5,27.5,275,275
672,Hexadecimal radix-16-reduction-trees,radix-16-reduction-trees,Distributed,c3d-highcpu,c3d-highcpu-16,16,AMD Genoa Zen 4,BLOCKS=2,2,cloud-run-distributed-cluster --arch=c3d --blocks=2 --shape=c3d-highcpu-16,27.5,27.5,27.5,275,138
673,Hexadecimal radix-16-reduction-trees,radix-16-reduction-trees,Distributed,c3d-highcpu,c3d-highcpu-16,16,AMD Genoa Zen 4,BLOCKS=3,3,cloud-run-distributed-cluster --arch=c3d --blocks=3 --shape=c3d-highcpu-16,27.5,27.5,27.5,275,92
674,Hexadecimal radix-16-reduction-trees,radix-16-reduction-trees,Distributed,c3d-highcpu,c3d-highcpu-16,16,AMD Genoa Zen 4,BLOCKS=4,4,cloud-run-distributed-cluster --arch=c3d --blocks=4 --shape=c3d-highcpu-16,27.5,27.5,27.5,275,69
675,Hexadecimal radix-16-reduction-trees,radix-16-reduction-trees,Distributed,c3d-highcpu,c3d-highcpu-16,16,AMD Genoa Zen 4,BLOCKS=5,5,cloud-run-distributed-cluster --arch=c3d --blocks=5 --shape=c3d-highcpu-16,27.5,27.5,27.5,275,55
676,Hexadecimal radix-16-reduction-trees,radix-16-reduction-trees,Distributed,c3d-highcpu,c3d-highcpu-16,16,AMD Genoa Zen 4,BLOCKS=6,6,cloud-run-distributed-cluster --arch=c3d --blocks=6 --shape=c3d-highcpu-16,27.5,27.5,27.5,275,46
677,Hexadecimal radix-16-reduction-trees,radix-16-reduction-trees,Distributed,c3d-highcpu,c3d-highcpu-16,16,AMD Genoa Zen 4,BLOCKS=7,7,cloud-run-distributed-cluster --arch=c3d --blocks=7 --shape=c3d-highcpu-16,27.5,27.5,27.5,275,40
678,Hexadecimal radix-16-reduction-trees,radix-16-reduction-trees,Distributed,c3d-highcpu,c3d-highcpu-16,16,AMD Genoa Zen 4,BLOCKS=8,8,cloud-run-distributed-cluster --arch=c3d --blocks=8 --shape=c3d-highcpu-16,27.5,27.5,27.5,275,35
679,Hexadecimal radix-16-reduction-trees,radix-16-reduction-trees,Distributed,c3d-highcpu,c3d-highcpu-16,16,AMD Genoa Zen 4,BLOCKS=9,9,cloud-run-distributed-cluster --arch=c3d --blocks=9 --shape=c3d-highcpu-16,27.5,27.5,27.5,275,31
680,Hexadecimal radix-16-reduction-trees,radix-16-reduction-trees,Distributed,c3d-highcpu,c3d-highcpu-16,16,AMD Genoa Zen 4,BLOCKS=10,10,cloud-run-distributed-cluster --arch=c3d --blocks=10 --shape=c3d-highcpu-16,27.5,27.5,27.5,275,28
681,Hexadecimal radix-16-reduction-trees,radix-16-reduction-trees,Distributed,c3d-highcpu,c3d-highcpu-30,30,AMD Genoa Zen 4,BLOCKS=1,1,cloud-run-distributed-cluster --arch=c3d --blocks=1 --shape=c3d-highcpu-30,16.272,16.272,16.272,163,163
682,Hexadecimal radix-16-reduction-trees,radix-16-reduction-trees,Distributed,c3d-highcpu,c3d-highcpu-30,30,AMD Genoa Zen 4,BLOCKS=2,2,cloud-run-distributed-cluster --arch=c3d --blocks=2 --shape=c3d-highcpu-30,16.549,16.649,16.599,166,83
683,Hexadecimal radix-16-reduction-trees,radix-16-reduction-trees,Distributed,c3d-highcpu,c3d-highcpu-30,30,AMD Genoa Zen 4,BLOCKS=3,3,cloud-run-distributed-cluster --arch=c3d --blocks=3 --shape=c3d-highcpu-30,16.76,16.873,16.813,169,57
684,Hexadecimal radix-16-reduction-trees,radix-16-reduction-trees,Distributed,c3d-highcpu,c3d-highcpu-30,30,AMD Genoa Zen 4,BLOCKS=4,4,cloud-run-distributed-cluster --arch=c3d --blocks=4 --shape=c3d-highcpu-30,17.022,17.141,17.081,171,43
685,Hexadecimal radix-16-reduction-trees,radix-16-reduction-trees,Distributed,c3d-highcpu,c3d-highcpu-30,30,AMD Genoa Zen 4,BLOCKS=5,5,cloud-run-distributed-cluster --arch=c3d --blocks=5 --shape=c3d-highcpu-30,17.249,17.373,17.31,174,35
686,Hexadecimal radix-16-reduction-trees,radix-16-reduction-trees,Distributed,c3d-highcpu,c3d-highcpu-30,30,AMD Genoa Zen 4,BLOCKS=6,6,cloud-run-distributed-cluster --arch=c3d --blocks=6 --shape=c3d-highcpu-30,17.504,17.633,17.569,176,30
687,Hexadecimal radix-16-reduction-trees,radix-16-reduction-trees,Distributed,c3d-highcpu,c3d-highcpu-30,30,AMD Genoa Zen 4,BLOCKS=7,7,cloud-run-distributed-cluster --arch=c3d --blocks=7 --shape=c3d-highcpu-30,17.737,17.869,17.802,179,26
688,Hexadecimal radix-16-reduction-trees,radix-16-reduction-trees,Distributed,c3d-highcpu,c3d-highcpu-30,30,AMD Genoa Zen 4,BLOCKS=8,8,cloud-run-distributed-cluster --arch=c3d --blocks=8 --shape=c3d-highcpu-30,17.99,18.125,18.058,181,23
689,Hexadecimal radix-16-reduction-trees,radix-16-reduction-trees,Distributed,c3d-highcpu,c3d-highcpu-30,30,AMD Genoa Zen 4,BLOCKS=9,9,cloud-run-distributed-cluster --arch=c3d --blocks=9 --shape=c3d-highcpu-30,18.225,18.363,18.294,183,21
690,Hexadecimal radix-16-reduction-trees,radix-16-reduction-trees,Distributed,c3d-highcpu,c3d-highcpu-30,30,AMD Genoa Zen 4,BLOCKS=10,10,cloud-run-distributed-cluster --arch=c3d --blocks=10 --shape=c3d-highcpu-30,18.476,18.617,18.547,186,19
691,Hexadecimal radix-16-reduction-trees,radix-16-reduction-trees,Distributed,c3d-highcpu,c3d-highcpu-60,60,AMD Genoa Zen 4,BLOCKS=1,1,cloud-run-distributed-cluster --arch=c3d --blocks=1 --shape=c3d-highcpu-60,8.939,8.939,8.939,90,90
692,Hexadecimal radix-16-reduction-trees,radix-16-reduction-trees,Distributed,c3d-highcpu,c3d-highcpu-60,60,AMD Genoa Zen 4,BLOCKS=2,2,cloud-run-distributed-cluster --arch=c3d --blocks=2 --shape=c3d-highcpu-60,8.939,8.939,8.939,90,45
693,Hexadecimal radix-16-reduction-trees,radix-16-reduction-trees,Distributed,c3d-highcpu,c3d-highcpu-60,60,AMD Genoa Zen 4,BLOCKS=3,3,cloud-run-distributed-cluster --arch=c3d --blocks=3 --shape=c3d-highcpu-60,8.939,8.939,8.939,90,30
694,Hexadecimal radix-16-reduction-trees,radix-16-reduction-trees,Distributed,c3d-highcpu,c3d-highcpu-60,60,AMD Genoa Zen 4,BLOCKS=4,4,cloud-run-distributed-cluster --arch=c3d --blocks=4 --shape=c3d-highcpu-60,8.939,8.939,8.939,90,23
695,Hexadecimal radix-16-reduction-trees,radix-16-reduction-trees,Distributed,c3d-highcpu,c3d-highcpu-60,60,AMD Genoa Zen 4,BLOCKS=5,5,cloud-run-distributed-cluster --arch=c3d --blocks=5 --shape=c3d-highcpu-60,8.939,8.939,8.939,90,18
696,Hexadecimal radix-16-reduction-trees,radix-16-reduction-trees,Distributed,c3d-highcpu,c3d-highcpu-60,60,AMD Genoa Zen 4,BLOCKS=6,6,cloud-run-distributed-cluster --arch=c3d --blocks=6 --shape=c3d-highcpu-60,8.939,8.939,8.939,90,15
697,Hexadecimal radix-16-reduction-trees,radix-16-reduction-trees,Distributed,c3d-highcpu,c3d-highcpu-60,60,AMD Genoa Zen 4,BLOCKS=7,7,cloud-run-distributed-cluster --arch=c3d --blocks=7 --shape=c3d-highcpu-60,8.939,8.939,8.939,90,13
698,Hexadecimal radix-16-reduction-trees,radix-16-reduction-trees,Distributed,c3d-highcpu,c3d-highcpu-60,60,AMD Genoa Zen 4,BLOCKS=8,8,cloud-run-distributed-cluster --arch=c3d --blocks=8 --shape=c3d-highcpu-60,8.939,8.939,8.939,90,12
699,Hexadecimal radix-16-reduction-trees,radix-16-reduction-trees,Distributed,c3d-highcpu,c3d-highcpu-60,60,AMD Genoa Zen 4,BLOCKS=9,9,cloud-run-distributed-cluster --arch=c3d --blocks=9 --shape=c3d-highcpu-60,8.939,8.939,8.939,90,10
700,Hexadecimal radix-16-reduction-trees,radix-16-reduction-trees,Distributed,c3d-highcpu,c3d-highcpu-60,60,AMD Genoa Zen 4,BLOCKS=10,10,cloud-run-distributed-cluster --arch=c3d --blocks=10 --shape=c3d-highcpu-60,8.939,8.939,8.939,90,9
701,Hexadecimal radix-16-reduction-trees,radix-16-reduction-trees,Distributed,c3d-highcpu,c3d-highcpu-90,90,AMD Genoa Zen 4,BLOCKS=1,1,cloud-run-distributed-cluster --arch=c3d --blocks=1 --shape=c3d-highcpu-90,6.5,6.5,6.5,65,65
702,Hexadecimal radix-16-reduction-trees,radix-16-reduction-trees,Distributed,c3d-highcpu,c3d-highcpu-90,90,AMD Genoa Zen 4,BLOCKS=2,2,cloud-run-distributed-cluster --arch=c3d --blocks=2 --shape=c3d-highcpu-90,6.5,6.5,6.5,65,33
703,Hexadecimal radix-16-reduction-trees,radix-16-reduction-trees,Distributed,c3d-highcpu,c3d-highcpu-90,90,AMD Genoa Zen 4,BLOCKS=3,3,cloud-run-distributed-cluster --arch=c3d --blocks=3 --shape=c3d-highcpu-90,6.5,6.5,6.5,65,22
704,Hexadecimal radix-16-reduction-trees,radix-16-reduction-trees,Distributed,c3d-highcpu,c3d-highcpu-90,90,AMD Genoa Zen 4,BLOCKS=4,4,cloud-run-distributed-cluster --arch=c3d --blocks=4 --shape=c3d-highcpu-90,6.5,6.5,6.5,65,17
705,Hexadecimal radix-16-reduction-trees,radix-16-reduction-trees,Distributed,c3d-highcpu,c3d-highcpu-90,90,AMD Genoa Zen 4,BLOCKS=5,5,cloud-run-distributed-cluster --arch=c3d --blocks=5 --shape=c3d-highcpu-90,6.5,6.5,6.5,65,13
706,Hexadecimal radix-16-reduction-trees,radix-16-reduction-trees,Distributed,c3d-highcpu,c3d-highcpu-90,90,AMD Genoa Zen 4,BLOCKS=6,6,cloud-run-distributed-cluster --arch=c3d --blocks=6 --shape=c3d-highcpu-90,6.5,6.5,6.5,65,11
707,Hexadecimal radix-16-reduction-trees,radix-16-reduction-trees,Distributed,c3d-highcpu,c3d-highcpu-90,90,AMD Genoa Zen 4,BLOCKS=7,7,cloud-run-distributed-cluster --arch=c3d --blocks=7 --shape=c3d-highcpu-90,6.5,6.5,6.5,65,10
708,Hexadecimal radix-16-reduction-trees,radix-16-reduction-trees,Distributed,c3d-highcpu,c3d-highcpu-90,90,AMD Genoa Zen 4,BLOCKS=8,8,cloud-run-distributed-cluster --arch=c3d --blocks=8 --shape=c3d-highcpu-90,6.5,6.5,6.5,65,9
709,Hexadecimal radix-16-reduction-trees,radix-16-reduction-trees,Distributed,c3d-highcpu,c3d-highcpu-90,90,AMD Genoa Zen 4,BLOCKS=9,9,cloud-run-distributed-cluster --arch=c3d --blocks=9 --shape=c3d-highcpu-90,6.5,6.5,6.5,65,8
710,Hexadecimal radix-16-reduction-trees,radix-16-reduction-trees,Distributed,c3d-highcpu,c3d-highcpu-90,90,AMD Genoa Zen 4,BLOCKS=10,10,cloud-run-distributed-cluster --arch=c3d --blocks=10 --shape=c3d-highcpu-90,6.5,6.5,6.5,65,7
711,Hexadecimal radix-16-reduction-trees,radix-16-reduction-trees,Distributed,c3d-highcpu,c3d-highcpu-180,180,AMD Genoa Zen 4,BLOCKS=1,1,cloud-run-distributed-cluster --arch=c3d --blocks=1 --shape=c3d-highcpu-180,3.9,3.9,3.9,39,39
712,Hexadecimal radix-16-reduction-trees,radix-16-reduction-trees,Distributed,c3d-highcpu,c3d-highcpu-180,180,AMD Genoa Zen 4,BLOCKS=2,2,cloud-run-distributed-cluster --arch=c3d --blocks=2 --shape=c3d-highcpu-180,3.9,3.9,3.9,39,20
713,Hexadecimal radix-16-reduction-trees,radix-16-reduction-trees,Distributed,c3d-highcpu,c3d-highcpu-180,180,AMD Genoa Zen 4,BLOCKS=3,3,cloud-run-distributed-cluster --arch=c3d --blocks=3 --shape=c3d-highcpu-180,3.9,3.9,3.9,39,13
714,Hexadecimal radix-16-reduction-trees,radix-16-reduction-trees,Distributed,c3d-highcpu,c3d-highcpu-180,180,AMD Genoa Zen 4,BLOCKS=4,4,cloud-run-distributed-cluster --arch=c3d --blocks=4 --shape=c3d-highcpu-180,3.9,3.9,3.9,39,10
715,Hexadecimal radix-16-reduction-trees,radix-16-reduction-trees,Distributed,c3d-highcpu,c3d-highcpu-180,180,AMD Genoa Zen 4,BLOCKS=5,5,cloud-run-distributed-cluster --arch=c3d --blocks=5 --shape=c3d-highcpu-180,3.9,3.9,3.9,39,8
716,Hexadecimal radix-16-reduction-trees,radix-16-reduction-trees,Distributed,c3d-highcpu,c3d-highcpu-180,180,AMD Genoa Zen 4,BLOCKS=6,6,cloud-run-distributed-cluster --arch=c3d --blocks=6 --shape=c3d-highcpu-180,3.9,3.9,3.9,39,7
717,Hexadecimal radix-16-reduction-trees,radix-16-reduction-trees,Distributed,c3d-highcpu,c3d-highcpu-180,180,AMD Genoa Zen 4,BLOCKS=7,7,cloud-run-distributed-cluster --arch=c3d --blocks=7 --shape=c3d-highcpu-180,3.9,3.9,3.9,39,6
718,Hexadecimal radix-16-reduction-trees,radix-16-reduction-trees,Distributed,c3d-highcpu,c3d-highcpu-180,180,AMD Genoa Zen 4,BLOCKS=8,8,cloud-run-distributed-cluster --arch=c3d --blocks=8 --shape=c3d-highcpu-180,3.9,3.9,3.9,39,5
719,Hexadecimal radix-16-reduction-trees,radix-16-reduction-trees,Distributed,c3d-highcpu,c3d-highcpu-180,180,AMD Genoa Zen 4,BLOCKS=9,9,cloud-run-distributed-cluster --arch=c3d --blocks=9 --shape=c3d-highcpu-180,3.9,3.9,3.9,39,5
720,Hexadecimal radix-16-reduction-trees,radix-16-reduction-trees,Distributed,c3d-highcpu,c3d-highcpu-180,180,AMD Genoa Zen 4,BLOCKS=10,10,cloud-run-distributed-cluster --arch=c3d --blocks=10 --shape=c3d-highcpu-180,3.9,3.9,3.9,39,4
721,Hexadecimal radix-16-reduction-trees,radix-16-reduction-trees,Distributed,t2d-standard,t2d-standard-16,16,AMD Milan Zen 3,BLOCKS=1,1,cloud-run-distributed-cluster --arch=t2d --blocks=1 --shape=t2d-standard-16,38.2,38.2,38.2,382,382
722,Hexadecimal radix-16-reduction-trees,radix-16-reduction-trees,Distributed,t2d-standard,t2d-standard-16,16,AMD Milan Zen 3,BLOCKS=2,2,cloud-run-distributed-cluster --arch=t2d --blocks=2 --shape=t2d-standard-16,38.2,38.2,38.2,382,191
723,Hexadecimal radix-16-reduction-trees,radix-16-reduction-trees,Distributed,t2d-standard,t2d-standard-16,16,AMD Milan Zen 3,BLOCKS=3,3,cloud-run-distributed-cluster --arch=t2d --blocks=3 --shape=t2d-standard-16,38.2,38.2,38.2,382,128
724,Hexadecimal radix-16-reduction-trees,radix-16-reduction-trees,Distributed,t2d-standard,t2d-standard-16,16,AMD Milan Zen 3,BLOCKS=4,4,cloud-run-distributed-cluster --arch=t2d --blocks=4 --shape=t2d-standard-16,38.2,38.2,38.2,382,96
725,Hexadecimal radix-16-reduction-trees,radix-16-reduction-trees,Distributed,t2d-standard,t2d-standard-16,16,AMD Milan Zen 3,BLOCKS=5,5,cloud-run-distributed-cluster --arch=t2d --blocks=5 --shape=t2d-standard-16,38.2,38.2,38.2,382,77
726,Hexadecimal radix-16-reduction-trees,radix-16-reduction-trees,Distributed,t2d-standard,t2d-standard-16,16,AMD Milan Zen 3,BLOCKS=6,6,cloud-run-distributed-cluster --arch=t2d --blocks=6 --shape=t2d-standard-16,38.2,38.2,38.2,382,64
727,Hexadecimal radix-16-reduction-trees,radix-16-reduction-trees,Distributed,t2d-standard,t2d-standard-16,16,AMD Milan Zen 3,BLOCKS=7,7,cloud-run-distributed-cluster --arch=t2d --blocks=7 --shape=t2d-standard-16,38.2,38.2,38.2,382,55
728,Hexadecimal radix-16-reduction-trees,radix-16-reduction-trees,Distributed,t2d-standard,t2d-standard-16,16,AMD Milan Zen 3,BLOCKS=8,8,cloud-run-distributed-cluster --arch=t2d --blocks=8 --shape=t2d-standard-16,38.2,38.2,38.2,382,48
729,Hexadecimal radix-16-reduction-trees,radix-16-reduction-trees,Distributed,t2d-standard,t2d-standard-16,16,AMD Milan Zen 3,BLOCKS=9,9,cloud-run-distributed-cluster --arch=t2d --blocks=9 --shape=t2d-standard-16,38.2,38.2,38.2,382,43
730,Hexadecimal radix-16-reduction-trees,radix-16-reduction-trees,Distributed,t2d-standard,t2d-standard-16,16,AMD Milan Zen 3,BLOCKS=10,10,cloud-run-distributed-cluster --arch=t2d --blocks=10 --shape=t2d-standard-16,38.2,38.2,38.2,382,39
731,Hexadecimal radix-16-reduction-trees,radix-16-reduction-trees,Distributed,t2d-standard,t2d-standard-32,32,AMD Milan Zen 3,BLOCKS=1,1,cloud-run-distributed-cluster --arch=t2d --blocks=1 --shape=t2d-standard-32,21.5,21.5,21.5,215,215
732,Hexadecimal radix-16-reduction-trees,radix-16-reduction-trees,Distributed,t2d-standard,t2d-standard-32,32,AMD Milan Zen 3,BLOCKS=2,2,cloud-run-distributed-cluster --arch=t2d --blocks=2 --shape=t2d-standard-32,21.5,21.5,21.5,215,108
733,Hexadecimal radix-16-reduction-trees,radix-16-reduction-trees,Distributed,t2d-standard,t2d-standard-32,32,AMD Milan Zen 3,BLOCKS=3,3,cloud-run-distributed-cluster --arch=t2d --blocks=3 --shape=t2d-standard-32,21.5,21.5,21.5,215,72
734,Hexadecimal radix-16-reduction-trees,radix-16-reduction-trees,Distributed,t2d-standard,t2d-standard-32,32,AMD Milan Zen 3,BLOCKS=4,4,cloud-run-distributed-cluster --arch=t2d --blocks=4 --shape=t2d-standard-32,21.5,21.5,21.5,215,54
735,Hexadecimal radix-16-reduction-trees,radix-16-reduction-trees,Distributed,t2d-standard,t2d-standard-32,32,AMD Milan Zen 3,BLOCKS=5,5,cloud-run-distributed-cluster --arch=t2d --blocks=5 --shape=t2d-standard-32,21.5,21.5,21.5,215,43
736,Hexadecimal radix-16-reduction-trees,radix-16-reduction-trees,Distributed,t2d-standard,t2d-standard-32,32,AMD Milan Zen 3,BLOCKS=6,6,cloud-run-distributed-cluster --arch=t2d --blocks=6 --shape=t2d-standard-32,21.5,21.5,21.5,215,36
737,Hexadecimal radix-16-reduction-trees,radix-16-reduction-trees,Distributed,t2d-standard,t2d-standard-32,32,AMD Milan Zen 3,BLOCKS=7,7,cloud-run-distributed-cluster --arch=t2d --blocks=7 --shape=t2d-standard-32,21.5,21.5,21.5,215,31
738,Hexadecimal radix-16-reduction-trees,radix-16-reduction-trees,Distributed,t2d-standard,t2d-standard-32,32,AMD Milan Zen 3,BLOCKS=8,8,cloud-run-distributed-cluster --arch=t2d --blocks=8 --shape=t2d-standard-32,21.5,21.5,21.5,215,27
739,Hexadecimal radix-16-reduction-trees,radix-16-reduction-trees,Distributed,t2d-standard,t2d-standard-32,32,AMD Milan Zen 3,BLOCKS=9,9,cloud-run-distributed-cluster --arch=t2d --blocks=9 --shape=t2d-standard-32,21.5,21.5,21.5,215,24
740,Hexadecimal radix-16-reduction-trees,radix-16-reduction-trees,Distributed,t2d-standard,t2d-standard-32,32,AMD Milan Zen 3,BLOCKS=10,10,cloud-run-distributed-cluster --arch=t2d --blocks=10 --shape=t2d-standard-32,21.5,21.5,21.5,215,22
741,Hexadecimal radix-16-reduction-trees,radix-16-reduction-trees,Distributed,t2d-standard,t2d-standard-48,48,AMD Milan Zen 3,BLOCKS=1,1,cloud-run-distributed-cluster --arch=t2d --blocks=1 --shape=t2d-standard-48,15.2,15.2,15.2,152,152
742,Hexadecimal radix-16-reduction-trees,radix-16-reduction-trees,Distributed,t2d-standard,t2d-standard-48,48,AMD Milan Zen 3,BLOCKS=2,2,cloud-run-distributed-cluster --arch=t2d --blocks=2 --shape=t2d-standard-48,15.2,15.2,15.2,152,76
743,Hexadecimal radix-16-reduction-trees,radix-16-reduction-trees,Distributed,t2d-standard,t2d-standard-48,48,AMD Milan Zen 3,BLOCKS=3,3,cloud-run-distributed-cluster --arch=t2d --blocks=3 --shape=t2d-standard-48,15.2,15.2,15.2,152,51
744,Hexadecimal radix-16-reduction-trees,radix-16-reduction-trees,Distributed,t2d-standard,t2d-standard-48,48,AMD Milan Zen 3,BLOCKS=4,4,cloud-run-distributed-cluster --arch=t2d --blocks=4 --shape=t2d-standard-48,15.2,15.2,15.2,152,38
745,Hexadecimal radix-16-reduction-trees,radix-16-reduction-trees,Distributed,t2d-standard,t2d-standard-48,48,AMD Milan Zen 3,BLOCKS=5,5,cloud-run-distributed-cluster --arch=t2d --blocks=5 --shape=t2d-standard-48,15.2,15.2,15.2,152,31
746,Hexadecimal radix-16-reduction-trees,radix-16-reduction-trees,Distributed,t2d-standard,t2d-standard-48,48,AMD Milan Zen 3,BLOCKS=6,6,cloud-run-distributed-cluster --arch=t2d --blocks=6 --shape=t2d-standard-48,15.2,15.2,15.2,152,26
747,Hexadecimal radix-16-reduction-trees,radix-16-reduction-trees,Distributed,t2d-standard,t2d-standard-48,48,AMD Milan Zen 3,BLOCKS=7,7,cloud-run-distributed-cluster --arch=t2d --blocks=7 --shape=t2d-standard-48,15.2,15.2,15.2,152,22
748,Hexadecimal radix-16-reduction-trees,radix-16-reduction-trees,Distributed,t2d-standard,t2d-standard-48,48,AMD Milan Zen 3,BLOCKS=8,8,cloud-run-distributed-cluster --arch=t2d --blocks=8 --shape=t2d-standard-48,15.2,15.2,15.2,152,19
749,Hexadecimal radix-16-reduction-trees,radix-16-reduction-trees,Distributed,t2d-standard,t2d-standard-48,48,AMD Milan Zen 3,BLOCKS=9,9,cloud-run-distributed-cluster --arch=t2d --blocks=9 --shape=t2d-standard-48,15.2,15.2,15.2,152,17
750,Hexadecimal radix-16-reduction-trees,radix-16-reduction-trees,Distributed,t2d-standard,t2d-standard-48,48,AMD Milan Zen 3,BLOCKS=10,10,cloud-run-distributed-cluster --arch=t2d --blocks=10 --shape=t2d-standard-48,15.2,15.2,15.2,152,16
751,Hexadecimal radix-16-reduction-trees,radix-16-reduction-trees,Distributed,t2d-standard,t2d-standard-60,60,AMD Milan Zen 3,BLOCKS=1,1,cloud-run-distributed-cluster --arch=t2d --blocks=1 --shape=t2d-standard-60,12.106,12.106,12.106,122,122
752,Hexadecimal radix-16-reduction-trees,radix-16-reduction-trees,Distributed,t2d-standard,t2d-standard-60,60,AMD Milan Zen 3,BLOCKS=2,2,cloud-run-distributed-cluster --arch=t2d --blocks=2 --shape=t2d-standard-60,12.106,12.106,12.106,122,61
753,Hexadecimal radix-16-reduction-trees,radix-16-reduction-trees,Distributed,t2d-standard,t2d-standard-60,60,AMD Milan Zen 3,BLOCKS=3,3,cloud-run-distributed-cluster --arch=t2d --blocks=3 --shape=t2d-standard-60,12.106,12.106,12.106,122,41
754,Hexadecimal radix-16-reduction-trees,radix-16-reduction-trees,Distributed,t2d-standard,t2d-standard-60,60,AMD Milan Zen 3,BLOCKS=4,4,cloud-run-distributed-cluster --arch=t2d --blocks=4 --shape=t2d-standard-60,12.106,12.106,12.106,122,31
755,Hexadecimal radix-16-reduction-trees,radix-16-reduction-trees,Distributed,t2d-standard,t2d-standard-60,60,AMD Milan Zen 3,BLOCKS=5,5,cloud-run-distributed-cluster --arch=t2d --blocks=5 --shape=t2d-standard-60,12.106,12.106,12.106,122,25
756,Hexadecimal radix-16-reduction-trees,radix-16-reduction-trees,Distributed,t2d-standard,t2d-standard-60,60,AMD Milan Zen 3,BLOCKS=6,6,cloud-run-distributed-cluster --arch=t2d --blocks=6 --shape=t2d-standard-60,12.106,12.106,12.106,122,21
757,Hexadecimal radix-16-reduction-trees,radix-16-reduction-trees,Distributed,t2d-standard,t2d-standard-60,60,AMD Milan Zen 3,BLOCKS=7,7,cloud-run-distributed-cluster --arch=t2d --blocks=7 --shape=t2d-standard-60,12.106,12.106,12.106,122,18
758,Hexadecimal radix-16-reduction-trees,radix-16-reduction-trees,Distributed,t2d-standard,t2d-standard-60,60,AMD Milan Zen 3,BLOCKS=8,8,cloud-run-distributed-cluster --arch=t2d --blocks=8 --shape=t2d-standard-60,12.106,12.106,12.106,122,16
759,Hexadecimal radix-16-reduction-trees,radix-16-reduction-trees,Distributed,t2d-standard,t2d-standard-60,60,AMD Milan Zen 3,BLOCKS=9,9,cloud-run-distributed-cluster --arch=t2d --blocks=9 --shape=t2d-standard-60,12.106,12.106,12.106,122,14
760,Hexadecimal radix-16-reduction-trees,radix-16-reduction-trees,Distributed,t2d-standard,t2d-standard-60,60,AMD Milan Zen 3,BLOCKS=10,10,cloud-run-distributed-cluster --arch=t2d --blocks=10 --shape=t2d-standard-60,12.106,12.106,12.106,122,13
